cod_radio,pob_total,pob_adulta_mayor,pct_adulta_mayor
020070101,244,20,8.2
020070201,620,22,3.55
020070202,483,18,3.73
020070203,290,11,3.79
020070204,577,30,5.2
020070205,673,29,4.31
020070207,862,30,3.48
020070208,645,16,2.48
020070209,464,13,2.8
020070210,375,20,5.33
020070211,627,34,5.42
020070212,1136,36,3.17
020070213,461,31,6.72
020070214,556,35,6.29
020070215,712,34,4.78
020070216,358,19,5.31
020070217,670,27,4.03
020070218,545,26,4.77
020070219,343,13,3.79
020070220,325,14,4.31
020070221,1136,28,2.46
020070222,936,23,2.46
020070223,965,30,3.11
020070301,451,6,1.33
020070302,1463,61,4.17
020070303,405,18,4.44
020070304,443,10,2.26
020070305,975,32,3.28
020070306,376,9,2.39
020070307,960,24,2.5
020070308,903,18,1.99
020070309,560,18,3.21
020070310,1374,31,2.26
020070311,658,19,2.89
020070312,683,41,6.0
020070313,528,21,3.98
020070314,585,6,1.03
020070315,781,21,2.69
020070316,374,6,1.6
020070317,547,8,1.46
020070318,293,3,1.02
020070319,364,12,3.3
020070401,866,208,24.02
020070402,1093,252,23.06
020070403,551,155,28.13
020070404,714,244,34.17
020070405,364,121,33.24
020070406,695,208,29.93
020070407,678,196,28.91
020070408,708,194,27.4
020070501,755,198,26.23
020070502,541,108,19.96
020070503,1001,200,19.98
020070504,1014,247,24.36
020070505,535,90,16.82
020070506,876,178,20.32
020070507,673,156,23.18
020070601,863,267,30.94
020070602,667,155,23.24
020070603,1002,304,30.34
020070604,837,202,24.13
020070605,421,81,19.24
020070606,550,165,30.0
020070607,533,129,24.2
020070608,538,119,22.12
020070609,1182,320,27.07
020070610,597,149,24.96
020070701,779,149,19.13
020070702,280,65,23.21
020070703,262,39,14.89
020070704,353,50,14.16
020070705,404,74,18.32
020070706,343,63,18.37
020070707,733,114,15.55
020070708,567,86,15.17
020070709,492,73,14.84
020070710,627,74,11.8
020070711,347,56,16.14
020070712,481,110,22.87
020070713,282,32,11.35
020070801,498,95,19.08
020070802,1106,236,21.34
020070803,746,169,22.65
020070804,555,93,16.76
020070805,440,62,14.09
020070806,1104,221,20.02
020070807,1222,273,22.34
020070808,589,87,14.77
020070809,463,97,20.95
020070810,331,53,16.01
020070811,301,109,36.21
020070901,529,87,16.45
020070902,631,95,15.06
020070903,520,92,17.69
020070904,517,68,13.15
020070905,592,76,12.84
020070906,711,81,11.39
020070907,864,92,10.65
020070908,607,85,14.0
020070909,1003,105,10.47
020070910,521,81,15.55
020070911,402,41,10.2
020070912,304,37,12.17
020070913,791,35,4.42
020070914,519,62,11.95
020070915,380,54,14.21
020070916,554,48,8.66
020070917,245,27,11.02
020070918,444,38,8.56
020070919,260,33,12.69
020070920,637,39,6.12
020070921,369,39,10.57
020071001,409,71,17.36
020071002,696,114,16.38
020071003,893,147,16.46
020071004,610,106,17.38
020071005,590,105,17.8
020071006,949,126,13.28
020071007,451,68,15.08
020071008,528,55,10.42
020071009,635,95,14.96
020071010,893,107,11.98
020071011,873,143,16.38
020071012,681,103,15.12
020071013,624,88,14.1
020071014,399,32,8.02
020071015,296,47,15.88
020071016,328,37,11.28
020071101,503,73,14.51
020071102,713,87,12.2
020071103,425,42,9.88
020071104,755,92,12.19
020071105,575,75,13.04
020071106,474,82,17.3
020071107,623,93,14.93
020071108,729,126,17.28
020071109,469,68,14.5
020071110,541,95,17.56
020071111,370,53,14.32
020071112,424,35,8.25
020071113,531,97,18.27
020071114,658,99,15.05
020071115,616,98,15.91
020071201,337,32,9.5
020071202,430,45,10.47
020071203,296,34,11.49
020071204,473,41,8.67
020071205,499,89,17.84
020071206,601,76,12.65
020071207,1020,115,11.27
020071208,300,38,12.67
020071209,586,95,16.21
020071210,392,28,7.14
020071211,516,58,11.24
020071212,412,32,7.77
020071213,379,35,9.23
020071214,519,43,8.29
020071301,567,120,21.16
020071302,226,42,18.58
020071303,323,38,11.76
020071304,621,137,22.06
020071305,558,124,22.22
020071306,422,76,18.01
020071307,1068,191,17.88
020071308,493,100,20.28
020071309,562,135,24.02
020071310,1122,256,22.82
020071311,439,60,13.67
020071312,539,88,16.33
020071313,291,39,13.4
020071314,650,47,7.23
020071315,659,80,12.14
020071316,998,38,3.81
020071317,720,34,4.72
020071318,677,35,5.17
020071401,629,77,12.24
020071402,821,85,10.35
020071403,369,46,12.47
020071404,344,51,14.83
020071405,737,84,11.4
020071406,664,94,14.16
020071407,657,80,12.18
020071408,449,57,12.69
020071409,502,77,15.34
020071410,474,83,17.51
020071411,350,39,11.14
020071412,428,60,14.02
020071501,774,66,8.53
020071502,781,95,12.16
020071503,586,87,14.85
020071504,1007,177,17.58
020071505,554,80,14.44
020071506,609,75,12.32
020071507,587,76,12.95
020071508,838,84,10.02
020071509,992,143,14.42
020071510,739,130,17.59
020071511,594,98,16.5
020071601,558,80,14.34
020071602,368,39,10.6
020071603,738,101,13.69
020071604,588,71,12.07
020071605,330,37,11.21
020071606,495,70,14.14
020071607,1010,166,16.44
020071608,485,76,15.67
020071609,319,86,26.96
020071610,549,105,19.13
020071611,381,55,14.44
020071612,334,54,16.17
020071701,1005,152,15.12
020071702,448,56,12.5
020071703,657,90,13.7
020071704,578,123,21.28
020071705,615,102,16.59
020071706,956,144,15.06
020071707,668,106,15.87
020071708,691,112,16.21
020071709,446,67,15.02
020071710,627,88,14.04
020071711,451,95,21.06
020071801,1102,191,17.33
020071802,832,148,17.79
020071803,708,106,14.97
020071804,1181,183,15.5
020071805,767,123,16.04
020071806,985,161,16.35
020071807,636,120,18.87
020071808,696,116,16.67
020071809,846,118,13.95
020071901,990,129,13.03
020071902,1003,132,13.16
020071903,353,52,14.73
020071904,780,105,13.46
020071905,442,96,21.72
020071906,601,65,10.82
020071907,738,128,17.34
020071908,424,30,7.08
020071909,569,79,13.88
020072001,557,89,15.98
020072002,783,116,14.81
020072003,736,96,13.04
020072004,724,116,16.02
020072005,776,172,22.16
020072006,585,114,19.49
020072007,503,86,17.1
020072008,657,79,12.02
020072009,656,110,16.77
020072010,884,111,12.56
020072101,472,92,19.49
020072102,762,82,10.76
020072103,680,78,11.47
020072104,1114,155,13.91
020072105,777,105,13.51
020072106,631,80,12.68
020072107,772,121,15.67
020072108,503,86,17.1
020072109,676,132,19.53
020072110,841,110,13.08
020072201,806,106,13.15
020072202,819,153,18.68
020072203,833,116,13.93
020072204,474,75,15.82
020072205,473,56,11.84
020072206,588,92,15.65
020072207,621,74,11.92
020072208,698,112,16.05
020072209,979,185,18.9
020072210,1514,232,15.32
020072301,705,106,15.04
020072302,516,95,18.41
020072303,761,119,15.64
020072304,298,41,13.76
020072305,513,74,14.42
020072306,506,129,25.49
020072307,495,77,15.56
020072308,589,130,22.07
020072309,838,173,20.64
020072310,256,50,19.53
020072401,268,61,22.76
020072402,608,63,10.36
020072403,515,64,12.43
020072404,392,49,12.5
020072405,349,64,18.34
020072406,865,165,19.08
020072407,941,147,15.62
020072408,493,61,12.37
020072501,446,46,10.31
020072502,458,75,16.38
020072503,454,75,16.52
020072504,830,151,18.19
020072505,605,95,15.7
020072506,582,93,15.98
020072507,421,79,18.76
020072508,668,140,20.96
020072509,442,83,18.78
020072510,484,86,17.77
020072511,488,96,19.67
020072601,339,62,18.29
020072602,627,96,15.31
020072603,499,80,16.03
020072604,548,123,22.45
020072605,1047,139,13.28
020072606,378,86,22.75
020072607,620,96,15.48
020072608,552,120,21.74
020072609,799,159,19.9
020072701,388,96,24.74
020072702,705,86,12.2
020072703,636,80,12.58
020072704,556,119,21.4
020072705,552,91,16.49
020072706,675,88,13.04
020072707,647,68,10.51
020072708,951,139,14.62
020072709,686,115,16.76
020072710,468,93,19.87
020072801,353,73,20.68
020072802,626,86,13.74
020072803,543,78,14.36
020072804,553,131,23.69
020072805,776,131,16.88
020072806,761,87,11.43
020072807,550,109,19.82
020072808,230,54,23.48
020072809,942,120,12.74
020072810,974,116,11.91
020072811,788,80,10.15
020072812,541,73,13.49
020072813,667,87,13.04
020072901,1148,123,10.71
020072902,703,90,12.8
020072903,760,85,11.18
020072904,730,109,14.93
020072905,951,143,15.04
020072906,866,139,16.05
020072907,630,118,18.73
020072908,658,111,16.87
020072909,930,132,14.19
020073001,799,24,3.0
020073002,805,35,4.35
020073003,474,11,2.32
020073004,518,11,2.12
020073005,292,8,2.74
020073006,718,26,3.62
020073007,755,15,1.99
020073008,731,20,2.74
020073009,564,15,2.66
020073010,683,19,2.78
020073011,814,16,1.97
020073012,1012,19,1.88
020073013,727,15,2.06
020140101,57,4,7.02
020140102,497,28,5.63
020140201,691,140,20.26
020140202,945,285,30.16
020140203,606,175,28.88
020140204,600,193,32.17
020140205,664,161,24.25
020140206,473,131,27.7
020140207,312,62,19.87
020140208,731,164,22.44
020140301,932,217,23.28
020140302,836,167,19.98
020140303,343,86,25.07
020140304,383,111,28.98
020140305,742,137,18.46
020140306,908,175,19.27
020140307,850,240,28.24
020140308,687,155,22.56
020140401,880,194,22.05
020140402,293,62,21.16
020140403,427,123,28.81
020140404,550,152,27.64
020140405,771,205,26.59
020140406,518,176,33.98
020140407,607,191,31.47
020140408,890,248,27.87
020140409,714,203,28.43
020140410,1020,289,28.33
020140501,685,199,29.05
020140502,851,217,25.5
020140503,662,208,31.42
020140504,658,164,24.92
020140505,922,242,26.25
020140506,864,247,28.59
020140507,920,232,25.22
020140508,629,137,21.78
020140509,463,125,27.0
020140601,581,142,24.44
020140602,1281,348,27.17
020140603,562,147,26.16
020140604,834,211,25.3
020140605,523,92,17.59
020140606,750,146,19.47
020140607,415,79,19.04
020140608,549,115,20.95
020140609,526,111,21.1
020140610,483,88,18.22
020140701,1407,386,27.43
020140702,966,258,26.71
020140703,1002,241,24.05
020140704,771,170,22.05
020140705,597,121,20.27
020140706,716,156,21.79
020140707,1070,205,19.16
020140708,455,71,15.6
020140709,647,130,20.09
020140801,647,115,17.77
020140802,856,176,20.56
020140803,1060,215,20.28
020140804,1209,270,22.33
020140805,1083,185,17.08
020140806,1225,253,20.65
020140807,2251,497,22.08
020140808,954,252,26.42
020140901,659,125,18.97
020140902,761,125,16.43
020140903,880,194,22.05
020140904,1038,215,20.71
020140905,1109,211,19.03
020140906,994,206,20.72
020140907,856,175,20.44
020140908,1452,268,18.46
020140909,1236,212,17.15
020141001,1000,172,17.2
020141002,607,114,18.78
020141003,585,91,15.56
020141004,915,220,24.04
020141005,770,124,16.1
020141006,620,100,16.13
020141007,1082,196,18.11
020141008,865,167,19.31
020141009,623,147,23.6
020141101,1254,261,20.81
020141102,456,86,18.86
020141103,1359,213,15.67
020141104,1303,260,19.95
020141105,533,69,12.95
020141106,688,106,15.41
020141201,715,220,30.77
020141202,657,147,22.37
020141203,795,169,21.26
020141204,1231,238,19.33
020141205,1125,199,17.69
020141206,735,138,18.78
020141207,476,77,16.18
020141301,1203,192,15.96
020141302,856,203,23.71
020141303,1013,167,16.49
020141304,963,138,14.33
020141305,1016,162,15.94
020141306,714,132,18.49
020141307,1278,230,18.0
020141401,545,105,19.27
020141402,501,90,17.96
020141403,447,71,15.88
020141404,738,160,21.68
020141405,857,186,21.7
020141406,1210,209,17.27
020141407,880,174,19.77
020141408,841,143,17.0
020141409,1240,229,18.47
020141410,1111,183,16.47
020141501,607,145,23.89
020141502,759,169,22.27
020141503,1459,270,18.51
020141504,711,153,21.52
020141505,423,69,16.31
020141506,702,157,22.36
020141507,577,141,24.44
020141508,815,154,18.9
020141601,648,127,19.6
020141602,704,184,26.14
020141603,765,148,19.35
020141604,632,152,24.05
020141605,793,183,23.08
020141606,719,162,22.53
020141607,1006,224,22.27
020141608,650,157,24.15
020141701,1116,228,20.43
020141702,860,168,19.53
020141703,1069,230,21.52
020141704,402,69,17.16
020141705,788,119,15.1
020141706,1120,233,20.8
020141707,1080,153,14.17
020141708,869,131,15.07
020141709,659,159,24.13
020141801,971,203,20.91
020141802,1377,259,18.81
020141803,927,158,17.04
020141804,532,93,17.48
020141805,603,141,23.38
020141806,813,158,19.43
020141807,631,113,17.91
020141808,529,97,18.34
020141901,833,143,17.17
020141902,855,139,16.26
020141903,704,157,22.3
020141904,1126,216,19.18
020141905,686,102,14.87
020141906,683,119,17.42
020141907,713,100,14.03
020141908,836,138,16.51
020142001,847,166,19.6
020142002,947,132,13.94
020142003,944,157,16.63
020142004,591,94,15.91
020142005,812,114,14.04
020142006,823,123,14.95
020142007,952,90,9.45
020142008,708,105,14.83
020142009,510,61,11.96
020142101,1016,230,22.64
020142102,1100,200,18.18
020142103,802,156,19.45
020142104,1069,205,19.18
020142105,915,182,19.89
020142106,824,138,16.75
020142201,697,149,21.38
020142202,689,121,17.56
020142203,683,90,13.18
020142204,854,163,19.09
020142205,1061,231,21.77
020142206,1018,187,18.37
020142301,652,156,23.93
020142302,775,128,16.52
020142303,901,161,17.87
020142304,759,140,18.45
020142305,551,121,21.96
020142306,249,60,24.1
020142307,424,99,23.35
020142308,340,79,23.24
020142309,866,192,22.17
020142401,959,216,22.52
020142402,604,159,26.32
020142403,839,181,21.57
020142404,946,184,19.45
020142405,1087,203,18.68
020142406,1048,226,21.56
020142501,656,130,19.82
020142502,837,131,15.65
020142503,317,70,22.08
020142504,725,124,17.1
020142505,692,150,21.68
020142506,600,89,14.83
020142507,712,114,16.01
020142508,662,95,14.35
020142509,901,105,11.65
020142510,487,85,17.45
020142511,451,55,12.2
020142512,646,76,11.76
020142513,516,76,14.73
020210101,634,87,13.72
020210102,876,100,11.42
020210103,861,127,14.75
020210104,445,72,16.18
020210105,843,99,11.74
020210106,641,50,7.8
020210107,592,75,12.67
020210108,416,35,8.41
020210109,772,96,12.44
020210110,329,59,17.93
020210111,569,96,16.87
020210112,466,58,12.45
020210201,875,110,12.57
020210202,628,95,15.13
020210203,417,74,17.75
020210204,673,113,16.79
020210205,1016,130,12.8
020210206,690,86,12.46
020210207,938,125,13.33
020210208,1087,137,12.6
020210209,891,104,11.67
020210210,425,60,14.12
020210211,605,96,15.87
020210212,857,119,13.89
020210301,1154,184,15.94
020210302,1019,141,13.84
020210303,934,102,10.92
020210304,659,99,15.02
020210305,789,106,13.43
020210306,823,150,18.23
020210307,889,126,14.17
020210308,933,149,15.97
020210309,504,74,14.68
020210310,676,85,12.57
020210311,823,88,10.69
020210401,822,114,13.87
020210402,625,82,13.12
020210403,704,124,17.61
020210404,893,106,11.87
020210405,657,81,12.33
020210406,868,101,11.64
020210407,694,86,12.39
020210408,486,56,11.52
020210501,833,107,12.85
020210502,710,102,14.37
020210503,1088,131,12.04
020210504,541,84,15.53
020210505,772,108,13.99
020210506,423,74,17.49
020210507,850,167,19.65
020210601,1022,162,15.85
020210602,686,84,12.24
020210603,765,145,18.95
020210604,697,157,22.53
020210605,810,79,9.75
020210606,588,98,16.67
020210607,699,128,18.31
020210701,361,58,16.07
020210702,948,143,15.08
020210703,1061,172,16.21
020210704,962,175,18.19
020210705,651,88,13.52
020210706,638,113,17.71
020210707,1162,177,15.23
020210708,441,85,19.27
020210709,987,176,17.83
020210801,815,131,16.07
020210802,581,96,16.52
020210803,908,133,14.65
020210804,563,85,15.1
020210805,516,69,13.37
020210806,482,99,20.54
020210807,567,87,15.34
020210808,569,79,13.88
020210809,737,109,14.79
020210810,512,83,16.21
020210901,838,141,16.83
020210902,674,97,14.39
020210903,1121,166,14.81
020210904,1085,171,15.76
020210905,688,99,14.39
020210906,630,84,13.33
020210907,669,72,10.76
020210908,714,120,16.81
020210909,1054,175,16.6
020210910,928,126,13.58
020211001,872,119,13.65
020211002,827,126,15.24
020211003,582,68,11.68
020211004,709,115,16.22
020211005,590,106,17.97
020211006,743,109,14.67
020211007,736,122,16.58
020211008,779,139,17.84
020211009,148,25,16.89
020211101,781,131,16.77
020211102,864,154,17.82
020211103,663,101,15.23
020211104,814,157,19.29
020211105,746,114,15.28
020211106,1094,190,17.37
020211107,637,136,21.35
020211108,799,136,17.02
020211201,856,167,19.51
020211202,1134,188,16.58
020211203,564,121,21.45
020211204,523,77,14.72
020211205,1065,194,18.22
020211206,286,32,11.19
020211207,989,175,17.69
020211208,866,161,18.59
020211209,472,66,13.98
020211210,804,107,13.31
020211301,805,144,17.89
020211302,778,140,17.99
020211303,908,168,18.5
020211304,560,85,15.18
020211305,717,130,18.13
020211306,727,91,12.52
020211307,488,132,27.05
020211308,636,107,16.82
020211309,776,138,17.78
020211310,543,71,13.08
020211311,663,98,14.78
020211401,1001,144,14.39
020211402,1015,164,16.16
020211403,1051,174,16.56
020211404,796,168,21.11
020211405,735,114,15.51
020211406,948,176,18.57
020211407,582,119,20.45
020211408,868,142,16.36
020211409,710,115,16.2
020211501,701,131,18.69
020211502,962,171,17.78
020211503,599,96,16.03
020211504,707,111,15.7
020211505,654,109,16.67
020211506,766,137,17.89
020211507,1084,184,16.97
020211508,1176,220,18.71
020211509,331,53,16.01
020211601,775,158,20.39
020211602,931,150,16.11
020211603,853,152,17.82
020211604,486,75,15.43
020211605,542,56,10.33
020211606,686,96,13.99
020211607,780,128,16.41
020211608,596,114,19.13
020211609,1313,178,13.56
020211701,520,82,15.77
020211702,752,95,12.63
020211703,595,88,14.79
020211704,737,87,11.8
020211705,685,87,12.7
020211706,699,104,14.88
020211707,775,122,15.74
020211708,765,91,11.9
020211709,809,105,12.98
020211801,651,97,14.9
020211802,764,121,15.84
020211803,552,81,14.67
020211804,917,173,18.87
020211805,473,96,20.3
020211806,711,122,17.16
020211807,648,103,15.9
020211808,581,89,15.32
020211809,990,179,18.08
020211810,634,91,14.35
020211811,693,113,16.31
020211901,1357,209,15.4
020211902,388,74,19.07
020211903,769,155,20.16
020211904,744,133,17.88
020211905,857,99,11.55
020211906,803,146,18.18
020211907,1006,165,16.4
020211908,1275,189,14.82
020211909,738,122,16.53
020211910,550,98,17.82
020212001,741,112,15.11
020212002,771,183,23.74
020212003,684,95,13.89
020212004,582,141,24.23
020212005,571,86,15.06
020212006,572,75,13.11
020212007,1042,194,18.62
020212008,828,134,16.18
020212009,1054,208,19.73
020212010,672,105,15.62
020212011,668,146,21.86
020212101,837,142,16.97
020212102,892,186,20.85
020212103,766,159,20.76
020212104,904,169,18.69
020212105,463,90,19.44
020212106,716,137,19.13
020212107,516,86,16.67
020212108,752,127,16.89
020212109,526,102,19.39
020212110,1023,162,15.84
020212201,961,136,14.15
020212202,608,110,18.09
020212203,364,59,16.21
020212204,584,82,14.04
020212205,920,179,19.46
020212206,543,99,18.23
020212207,835,134,16.05
020212208,917,182,19.85
020212209,903,133,14.73
020212301,940,144,15.32
020212302,661,128,19.36
020212303,842,150,17.81
020212304,406,71,17.49
020212305,655,109,16.64
020212306,602,102,16.94
020212307,640,121,18.91
020212308,854,104,12.18
020212309,882,112,12.7
020212310,824,121,14.68
020212401,664,108,16.27
020212402,1058,156,14.74
020212403,815,148,18.16
020212404,930,128,13.76
020212405,611,121,19.8
020212406,1053,177,16.81
020212407,964,161,16.7
020212408,809,147,18.17
020212409,480,83,17.29
020212501,388,76,19.59
020212502,647,116,17.93
020212503,440,58,13.18
020212504,717,97,13.53
020212505,1450,171,11.79
020212506,1019,159,15.6
020212507,682,114,16.72
020212508,1487,298,20.04
020212509,772,156,20.21
020212510,666,83,12.46
020212601,798,146,18.3
020212602,949,186,19.6
020212603,806,141,17.49
020212604,735,118,16.05
020212605,800,136,17.0
020212606,464,93,20.04
020212607,742,145,19.54
020212608,570,125,21.93
020212609,617,109,17.67
020212701,955,179,18.74
020212702,1067,178,16.68
020212703,990,141,14.24
020212704,995,150,15.08
020212705,647,110,17.0
020212706,946,103,10.89
020212707,809,133,16.44
020280101,804,121,15.05
020280102,900,107,11.89
020280103,614,83,13.52
020280104,781,92,11.78
020280105,746,80,10.72
020280106,399,28,7.02
020280107,515,67,13.01
020280108,765,122,15.95
020280109,781,144,18.44
020280110,527,68,12.9
020280111,531,91,17.14
020280112,588,119,20.24
020280113,341,69,20.23
020280114,508,75,14.76
020280201,828,139,16.79
020280202,901,159,17.65
020280203,1154,127,11.01
020280204,835,112,13.41
020280205,633,80,12.64
020280206,732,136,18.58
020280207,1191,193,16.2
020280208,650,114,17.54
020280209,831,100,12.03
020280210,1260,149,11.83
020280301,838,133,15.87
020280302,871,148,16.99
020280303,547,99,18.1
020280304,827,141,17.05
020280305,957,192,20.06
020280306,783,160,20.43
020280307,671,120,17.88
020280308,745,131,17.58
020280309,489,97,19.84
020280310,896,131,14.62
020280311,869,145,16.69
020280312,977,147,15.05
020280313,1046,86,8.22
020280401,730,146,20.0
020280402,639,127,19.87
020280403,891,188,21.1
020280404,930,176,18.92
020280405,905,155,17.13
020280406,1153,170,14.74
020280407,877,153,17.45
020280408,917,127,13.85
020280409,572,107,18.71
020280410,677,111,16.4
020280411,1105,165,14.93
020280501,956,153,16.0
020280502,659,108,16.39
020280503,907,184,20.29
020280504,717,122,17.02
020280505,475,90,18.95
020280506,903,187,20.71
020280507,747,154,20.62
020280508,534,76,14.23
020280509,890,155,17.42
020280510,1020,151,14.8
020280511,1026,140,13.65
020280512,996,70,7.03
020280601,1133,102,9.0
020280602,669,120,17.94
020280603,918,167,18.19
020280604,1042,188,18.04
020280605,717,105,14.64
020280606,960,223,23.23
020280607,805,125,15.53
020280608,824,146,17.72
020280609,693,157,22.66
020280610,538,112,20.82
020280611,673,94,13.97
020280612,567,110,19.4
020280701,1104,140,12.68
020280702,768,139,18.1
020280703,841,93,11.06
020280704,2039,420,20.6
020280705,752,157,20.88
020280706,1003,149,14.86
020280707,723,149,20.61
020280708,753,144,19.12
020280709,839,142,16.92
020280710,693,146,21.07
020280711,669,98,14.65
020280712,662,81,12.24
020280801,729,149,20.44
020280802,1083,207,19.11
020280803,850,139,16.35
020280804,794,108,13.6
020280805,683,158,23.13
020280806,821,125,15.23
020280807,481,78,16.22
020280808,602,42,6.98
020280809,1027,153,14.9
020280810,722,65,9.0
020280811,1004,123,12.25
020280812,1646,104,6.32
020280901,1149,113,9.83
020280902,957,129,13.48
020280903,755,112,14.83
020280904,646,66,10.22
020280905,685,116,16.93
020280906,692,101,14.6
020280907,1569,121,7.71
020281001,808,29,3.59
020281002,733,31,4.23
020281003,401,20,4.99
020281004,591,32,5.41
020281005,1273,50,3.93
020281006,858,53,6.18
020281007,1121,35,3.12
020281008,1383,37,2.68
020281009,554,30,5.42
020281101,899,114,12.68
020281102,634,153,24.13
020281103,758,136,17.94
020281104,862,135,15.66
020281105,774,102,13.18
020281106,1016,151,14.86
020281107,1782,119,6.68
020281108,825,138,16.73
020281109,243,39,16.05
020281201,595,117,19.66
020281202,704,105,14.91
020281203,678,133,19.62
020281204,678,125,18.44
020281205,643,104,16.17
020281206,1095,105,9.59
020281207,861,97,11.27
020281208,471,109,23.14
020281209,765,156,20.39
020281210,876,116,13.24
020281211,590,132,22.37
020281212,779,157,20.15
020281301,1069,173,16.18
020281302,693,143,20.63
020281303,632,135,21.36
020281304,502,117,23.31
020281305,969,220,22.7
020281306,638,103,16.14
020281307,1093,236,21.59
020281308,405,90,22.22
020281309,417,116,27.82
020281310,526,117,22.24
020281311,1052,236,22.43
020281401,651,108,16.59
020281402,429,80,18.65
020281403,595,116,19.5
020281404,854,162,18.97
020281405,692,153,22.11
020281406,664,151,22.74
020281407,972,148,15.23
020281408,525,80,15.24
020281409,674,103,15.28
020281501,779,136,17.46
020281502,1280,305,23.83
020281503,1243,332,26.71
020281504,660,160,24.24
020281505,718,141,19.64
020281506,962,158,16.42
020281507,639,140,21.91
020281508,700,171,24.43
020281509,829,137,16.53
020281510,556,80,14.39
020281601,397,75,18.89
020281602,1714,189,11.03
020281603,851,145,17.04
020281604,592,91,15.37
020281605,643,155,24.11
020281606,690,126,18.26
020281607,425,53,12.47
020281608,1336,159,11.9
020281609,915,162,17.7
020281610,755,134,17.75
020281701,828,203,24.52
020281702,686,101,14.72
020281703,716,103,14.39
020281704,601,116,19.3
020281705,776,158,20.36
020281706,582,138,23.71
020281707,601,140,23.29
020281708,977,91,9.31
020281709,955,153,16.02
020281710,855,106,12.4
020281801,24,0,0.0
020281901,656,112,17.07
020281902,656,114,17.38
020281903,847,158,18.65
020281904,1091,114,10.45
020281905,679,110,16.2
020281906,1191,108,9.07
020281907,613,55,8.97
020281908,653,48,7.35
020281909,1140,86,7.54
020281910,712,105,14.75
020281911,1077,44,4.09
020282001,825,139,16.85
020282002,609,117,19.21
020282003,910,98,10.77
020282004,630,75,11.9
020282005,509,55,10.81
020282006,840,104,12.38
020282007,632,87,13.77
020282008,756,123,16.27
020282009,953,130,13.64
020282010,1044,127,12.16
020282011,1047,159,15.19
020282012,1265,238,18.81
020282101,710,104,14.65
020282102,668,60,8.98
020282103,657,69,10.5
020282104,642,60,9.35
020282105,620,79,12.74
020282106,668,110,16.47
020282107,805,101,12.55
020282108,887,94,10.6
020282109,658,62,9.42
020282110,803,61,7.6
020282111,791,86,10.87
020282112,623,76,12.2
020282113,419,19,4.53
020282201,586,115,19.62
020282202,779,121,15.53
020282203,853,181,21.22
020282204,1178,224,19.02
020282205,832,146,17.55
020282206,590,136,23.05
020282207,866,145,16.74
020282208,1061,166,15.65
020282209,682,96,14.08
020282210,557,110,19.75
020282211,738,130,17.62
020282212,621,80,12.88
020282301,1125,131,11.64
020282302,966,136,14.08
020282303,583,85,14.58
020282304,734,108,14.71
020282305,895,121,13.52
020282306,786,141,17.94
020282307,586,94,16.04
020282308,890,139,15.62
020282309,456,73,16.01
020282310,999,120,12.01
020282311,570,63,11.05
020282312,709,85,11.99
020282401,833,65,7.8
020282402,638,35,5.49
020282403,356,19,5.34
020282404,495,24,4.85
020282405,523,25,4.78
020282406,449,33,7.35
020282407,378,25,6.61
020282408,305,23,7.54
020282409,277,29,10.47
020282501,1063,17,1.6
020282502,1426,71,4.98
020282503,684,43,6.29
020282504,972,25,2.57
020282505,430,13,3.02
020282506,976,19,1.95
020282507,394,11,2.79
020282508,952,35,3.68
020282509,814,18,2.21
020282510,648,19,2.93
020282511,521,22,4.22
020282512,964,14,1.45
020282601,1303,61,4.68
020282602,1096,86,7.85
020282603,903,42,4.65
020282701,514,12,2.33
020282702,619,16,2.58
020282703,410,11,2.68
020282704,415,8,1.93
020282705,268,14,5.22
020282706,267,6,2.25
020282707,1143,32,2.8
020282801,428,28,6.54
020282802,766,34,4.44
020282803,428,30,7.01
020282804,754,30,3.98
020282805,561,14,2.5
020282806,1034,29,2.8
020282807,657,14,2.13
020282808,825,14,1.7
020282809,588,12,2.04
020282810,483,26,5.38
020282811,421,8,1.9
020282901,800,16,2.0
020282902,751,29,3.86
020282903,316,28,8.86
020282904,366,28,7.65
020282905,543,22,4.05
020282906,544,45,8.27
020282907,694,31,4.47
020282908,677,36,5.32
020350101,986,137,13.89
020350102,1102,145,13.16
020350103,927,115,12.41
020350104,539,99,18.37
020350105,784,103,13.14
020350106,634,98,15.46
020350107,650,98,15.08
020350108,891,171,19.19
020350109,788,156,19.8
020350110,704,141,20.03
020350111,534,50,9.36
020350112,568,81,14.26
020350201,837,94,11.23
020350202,624,103,16.51
020350203,806,133,16.5
020350204,1003,185,18.44
020350205,562,70,12.46
020350206,585,109,18.63
020350207,764,100,13.09
020350208,1124,175,15.57
020350209,819,114,13.92
020350210,683,114,16.69
020350211,852,132,15.49
020350301,853,166,19.46
020350302,550,71,12.91
020350303,589,71,12.05
020350304,720,119,16.53
020350305,760,167,21.97
020350306,922,178,19.31
020350307,883,151,17.1
020350308,405,62,15.31
020350309,593,107,18.04
020350310,661,115,17.4
020350311,856,135,15.77
020350312,739,84,11.37
020350313,715,100,13.99
020350401,1188,205,17.26
020350402,772,125,16.19
020350403,765,134,17.52
020350404,947,166,17.53
020350405,871,141,16.19
020350406,1134,190,16.75
020350407,674,152,22.55
020350408,1112,258,23.2
020350409,717,122,17.02
020350501,836,172,20.57
020350502,1254,261,20.81
020350503,742,171,23.05
020350504,756,138,18.25
020350505,684,111,16.23
020350506,653,108,16.54
020350507,909,141,15.51
020350508,723,133,18.4
020350601,660,138,20.91
020350602,979,223,22.78
020350603,908,168,18.5
020350604,1537,297,19.32
020350605,1275,244,19.14
020350606,769,124,16.12
020350607,992,217,21.88
020350608,869,160,18.41
020350701,1255,273,21.75
020350702,517,115,22.24
020350703,594,95,15.99
020350704,1542,335,21.73
020350705,1384,212,15.32
020350706,761,130,17.08
020350707,492,78,15.85
020350708,1071,137,12.79
020350801,1257,224,17.82
020350802,826,158,19.13
020350803,1402,249,17.76
020350804,869,200,23.01
020350805,503,83,16.5
020350806,1028,200,19.46
020350807,1085,205,18.89
020350808,991,186,18.77
020350809,783,145,18.52
020350901,1073,244,22.74
020350902,731,146,19.97
020350903,634,134,21.14
020350904,561,99,17.65
020350905,640,124,19.38
020350906,793,130,16.39
020350907,577,89,15.42
020350908,1052,189,17.97
020350909,899,150,16.69
020350910,932,154,16.52
020351001,1458,276,18.93
020351002,1298,227,17.49
020351003,841,132,15.7
020351004,575,149,25.91
020351005,288,60,20.83
020351006,826,153,18.52
020351007,1394,214,15.35
020351008,490,81,16.53
020351009,860,181,21.05
020351010,688,136,19.77
020351101,871,98,11.25
020351102,831,122,14.68
020351103,809,140,17.31
020351104,680,135,19.85
020351105,832,126,15.14
020351106,667,109,16.34
020351107,1312,232,17.68
020351108,850,108,12.71
020351109,916,140,15.28
020351110,733,166,22.65
020351111,762,133,17.45
020351201,899,136,15.13
020351202,1837,431,23.46
020351203,926,168,18.14
020351204,730,178,24.38
020351205,480,96,20.0
020351206,1686,400,23.72
020351207,643,138,21.46
020351301,846,206,24.35
020351302,761,161,21.16
020351303,737,151,20.49
020351304,667,138,20.69
020351305,811,133,16.4
020351306,975,173,17.74
020351307,823,140,17.01
020351308,776,230,29.64
020351309,1014,201,19.82
020351401,603,155,25.7
020351402,954,175,18.34
020351403,1251,228,18.23
020351404,959,192,20.02
020351405,1640,281,17.13
020351406,1215,225,18.52
020351407,468,72,15.38
020351408,807,149,18.46
020351409,924,121,13.1
020351501,935,202,21.6
020351502,1084,236,21.77
020351503,666,113,16.97
020351504,1153,225,19.51
020351505,1082,184,17.01
020351506,861,159,18.47
020351507,696,108,15.52
020351508,650,101,15.54
020351509,524,72,13.74
020351601,1091,191,17.51
020351602,681,131,19.24
020351603,520,98,18.85
020351604,1109,157,14.16
020351605,1046,176,16.83
020351606,792,140,17.68
020351607,724,105,14.5
020351608,1080,194,17.96
020351609,954,159,16.67
020351610,1244,204,16.4
020351611,769,155,20.16
020351612,451,56,12.42
020351701,821,132,16.08
020351702,809,114,14.09
020351703,663,147,22.17
020351704,845,159,18.82
020351705,783,214,27.33
020351706,839,159,18.95
020351707,845,142,16.8
020351708,1010,204,20.2
020351709,678,139,20.5
020351710,903,158,17.5
020351711,1058,177,16.73
020351801,1025,188,18.34
020351802,1008,160,15.87
020351803,1279,164,12.82
020351804,741,130,17.54
020351805,923,128,13.87
020351806,587,103,17.55
020351807,731,133,18.19
020351808,445,86,19.33
020351809,777,140,18.02
020351810,779,177,22.72
020351811,867,171,19.72
020351901,833,137,16.45
020351902,740,157,21.22
020351903,985,154,15.63
020351904,905,181,20.0
020351905,793,162,20.43
020351906,1000,180,18.0
020351907,490,87,17.76
020351908,961,226,23.52
020351909,607,131,21.58
020351910,921,158,17.16
020351911,1105,213,19.28
020352001,852,172,20.19
020352002,1245,244,19.6
020352003,1138,179,15.73
020352004,793,136,17.15
020352005,830,134,16.14
020352006,926,186,20.09
020352007,635,100,15.75
020352008,1031,165,16.0
020352009,842,173,20.55
020352010,1109,191,17.22
020352011,724,145,20.03
020352012,966,156,16.15
020352101,597,94,15.75
020352102,851,172,20.21
020352103,761,124,16.29
020352104,1117,186,16.65
020352105,705,120,17.02
020352106,836,130,15.55
020352107,839,142,16.92
020352108,558,124,22.22
020352109,587,103,17.55
020352110,597,118,19.77
020352111,719,133,18.5
020352112,688,135,19.62
020352201,747,144,19.28
020352202,904,147,16.26
020352203,802,144,17.96
020352204,1022,188,18.4
020352205,717,107,14.92
020352206,860,143,16.63
020352207,1556,308,19.79
020352208,630,109,17.3
020352209,939,175,18.64
020352210,773,119,15.39
020352211,798,145,18.17
020352212,902,175,19.4
020352213,582,99,17.01
020420101,732,128,17.49
020420102,891,177,19.87
020420103,948,159,16.77
020420104,849,140,16.49
020420105,1174,162,13.8
020420106,1078,194,18.0
020420107,621,112,18.04
020420108,789,108,13.69
020420109,689,102,14.8
020420110,461,93,20.17
020420111,1057,185,17.5
020420112,622,119,19.13
020420201,1481,231,15.6
020420202,967,206,21.3
020420203,766,163,21.28
020420204,764,140,18.32
020420205,612,142,23.2
020420206,945,174,18.41
020420207,912,131,14.36
020420208,1030,182,17.67
020420209,530,88,16.6
020420210,1017,173,17.01
020420211,840,156,18.57
020420212,923,157,17.01
020420301,934,177,18.95
020420302,839,155,18.47
020420303,855,143,16.73
020420304,685,98,14.31
020420305,778,141,18.12
020420306,969,167,17.23
020420307,922,173,18.76
020420308,720,126,17.5
020420309,650,87,13.38
020420310,937,221,23.59
020420311,610,94,15.41
020420401,626,111,17.73
020420402,1074,194,18.06
020420403,1160,228,19.66
020420404,1147,224,19.53
020420405,808,144,17.82
020420406,1305,163,12.49
020420407,742,140,18.87
020420408,1281,232,18.11
020420409,951,202,21.24
020420410,1172,201,17.15
020420411,959,180,18.77
020420412,502,102,20.32
020420501,714,129,18.07
020420502,832,140,16.83
020420503,943,161,17.07
020420504,813,168,20.66
020420505,1029,176,17.1
020420506,740,142,19.19
020420507,1115,194,17.4
020420508,552,112,20.29
020420509,721,151,20.94
020420510,1127,220,19.52
020420511,943,181,19.19
020420512,420,85,20.24
020420513,380,60,15.79
020420601,1484,276,18.6
020420602,2217,446,20.12
020420603,1178,253,21.48
020420604,742,161,21.7
020420605,578,106,18.34
020420606,1090,186,17.06
020420607,1008,183,18.15
020420608,1211,227,18.74
020420609,859,179,20.84
020420701,800,147,18.38
020420702,1261,195,15.46
020420703,671,123,18.33
020420704,1265,233,18.42
020420705,1118,215,19.23
020420706,804,158,19.65
020420707,1267,189,14.92
020420708,796,149,18.72
020420709,1003,179,17.85
020420710,843,183,21.71
020420711,820,136,16.59
020420712,939,154,16.4
020420713,598,98,16.39
020420801,874,167,19.11
020420802,1025,175,17.07
020420803,780,164,21.03
020420804,710,125,17.61
020420805,679,123,18.11
020420806,1300,245,18.85
020420807,926,199,21.49
020420808,716,145,20.25
020420809,720,121,16.81
020420810,984,208,21.14
020420811,783,142,18.14
020420901,717,168,23.43
020420902,636,179,28.14
020420903,603,149,24.71
020420904,1159,344,29.68
020420905,331,74,22.36
020420906,959,244,25.44
020420907,686,165,24.05
020420908,569,141,24.78
020420909,858,241,28.09
020420910,838,182,21.72
020421001,763,170,22.28
020421002,676,106,15.68
020421003,917,198,21.59
020421004,692,130,18.79
020421005,895,230,25.7
020421006,1007,228,22.64
020421007,613,140,22.84
020421008,1360,303,22.28
020421009,744,160,21.51
020421010,1030,237,23.01
020421101,1303,201,15.43
020421102,624,103,16.51
020421103,994,209,21.03
020421104,826,132,15.98
020421105,1668,264,15.83
020421106,918,157,17.1
020421107,805,145,18.01
020421108,1014,184,18.15
020421109,889,187,21.03
020421110,605,123,20.33
020421201,489,80,16.36
020421202,893,148,16.57
020421203,938,145,15.46
020421204,404,84,20.79
020421205,740,135,18.24
020421206,573,124,21.64
020421207,897,171,19.06
020421208,771,155,20.1
020421209,644,118,18.32
020421210,543,121,22.28
020421211,680,143,21.03
020421212,354,50,14.12
020421301,836,182,21.77
020421302,1230,306,24.88
020421303,735,174,23.67
020421304,1371,296,21.59
020421305,983,225,22.89
020421306,684,167,24.42
020421307,579,93,16.06
020421308,493,69,14.0
020421309,478,109,22.8
020421310,658,130,19.76
020421311,500,75,15.0
020421312,812,116,14.29
020421313,678,138,20.35
020421401,922,215,23.32
020421402,770,149,19.35
020421403,736,159,21.6
020421404,1140,237,20.79
020421405,1238,256,20.68
020421406,732,139,18.99
020421407,532,89,16.73
020421408,594,134,22.56
020421409,996,193,19.38
020421410,784,128,16.33
020421411,577,122,21.14
020421412,648,87,13.43
020421501,814,149,18.3
020421502,1740,402,23.1
020421503,830,144,17.35
020421504,826,195,23.61
020421505,965,197,20.41
020421506,865,208,24.05
020421507,966,142,14.7
020421508,790,115,14.56
020421509,586,127,21.67
020421510,786,112,14.25
020421601,670,151,22.54
020421602,970,178,18.35
020421603,749,115,15.35
020421604,809,153,18.91
020421605,1208,238,19.7
020421606,1113,226,20.31
020421607,1144,235,20.54
020421608,1052,140,13.31
020421609,1381,194,14.05
020421610,286,45,15.73
020421611,978,193,19.73
020421612,655,127,19.39
020421613,887,172,19.39
020421614,1080,186,17.22
020421701,811,180,22.19
020421702,974,223,22.9
020421703,784,130,16.58
020421704,808,230,28.47
020421705,1764,418,23.7
020421706,1485,290,19.53
020421707,633,141,22.27
020421801,720,204,28.33
020421802,861,232,26.95
020421803,730,186,25.48
020421804,758,185,24.41
020421805,920,244,26.52
020421806,1088,307,28.22
020421807,1066,282,26.45
020421808,1034,251,24.27
020421809,889,233,26.21
020421901,804,256,31.84
020421902,1399,399,28.52
020421903,1296,302,23.3
020421904,938,189,20.15
020421905,655,171,26.11
020421906,1036,226,21.81
020421907,951,208,21.87
020421908,873,180,20.62
020422001,556,127,22.84
020422002,653,117,17.92
020422003,1453,277,19.06
020422004,599,131,21.87
020422005,887,200,22.55
020422006,846,200,23.64
020422007,592,130,21.96
020422008,1297,301,23.21
020422009,1063,235,22.11
020422010,949,196,20.65
020422101,861,162,18.82
020422102,1078,251,23.28
020422103,843,195,23.13
020422104,708,149,21.05
020422105,938,179,19.08
020422106,533,118,22.14
020422107,1025,139,13.56
020422108,831,137,16.49
020422109,973,157,16.14
020422110,939,222,23.64
020422111,1155,237,20.52
020422112,525,106,20.19
020490101,725,92,12.69
020490102,906,127,14.02
020490103,804,122,15.17
020490104,469,77,16.42
020490105,434,48,11.06
020490106,352,59,16.76
020490107,322,59,18.32
020490108,748,117,15.64
020490109,699,84,12.02
020490110,753,132,17.53
020490111,453,50,11.04
020490201,930,193,20.75
020490202,1245,217,17.43
020490203,821,150,18.27
020490204,1106,165,14.92
020490205,851,168,19.74
020490206,1139,193,16.94
020490207,788,114,14.47
020490208,781,148,18.95
020490209,932,180,19.31
020490301,979,174,17.77
020490302,1048,215,20.52
020490303,969,153,15.79
020490304,990,173,17.47
020490305,804,136,16.92
020490306,1030,164,15.92
020490307,650,112,17.23
020490308,865,152,17.57
020490309,776,114,14.69
020490310,598,116,19.4
020490311,686,79,11.52
020490312,649,95,14.64
020490313,827,145,17.53
020490401,892,160,17.94
020490402,769,154,20.03
020490403,1019,203,19.92
020490404,1102,200,18.15
020490405,910,180,19.78
020490406,907,149,16.43
020490407,693,106,15.3
020490408,651,123,18.89
020490409,619,106,17.12
020490410,1366,209,15.3
020490411,867,110,12.69
020490501,835,226,27.07
020490502,709,168,23.7
020490503,424,46,10.85
020490504,1102,264,23.96
020490505,788,142,18.02
020490506,740,155,20.95
020490507,922,156,16.92
020490508,735,128,17.41
020490509,1177,196,16.65
020490510,707,139,19.66
020490511,860,192,22.33
020490601,1099,190,17.29
020490602,838,152,18.14
020490603,832,134,16.11
020490604,772,111,14.38
020490605,1153,208,18.04
020490606,801,158,19.73
020490607,921,173,18.78
020490608,447,100,22.37
020490609,661,170,25.72
020490701,601,129,21.46
020490702,497,87,17.51
020490703,1143,250,21.87
020490704,675,128,18.96
020490705,638,134,21.0
020490706,1319,206,15.62
020490707,654,108,16.51
020490708,741,109,14.71
020490709,1147,195,17.0
020490710,1091,212,19.43
020490711,751,184,24.5
020490801,747,174,23.29
020490802,1211,197,16.27
020490803,638,134,21.0
020490804,997,169,16.95
020490805,1183,209,17.67
020490806,1058,192,18.15
020490807,676,165,24.41
020490808,1175,206,17.53
020490901,759,140,18.45
020490902,643,142,22.08
020490903,676,150,22.19
020490904,848,163,19.22
020490905,666,140,21.02
020490906,1239,210,16.95
020490907,819,175,21.37
020490908,1423,269,18.9
020490909,886,140,15.8
020490910,998,176,17.64
020490911,748,102,13.64
020491001,1055,233,22.09
020491002,593,110,18.55
020491003,585,143,24.44
020491004,724,185,25.55
020491005,739,151,20.43
020491006,1074,217,20.2
020491007,883,201,22.76
020491008,1231,260,21.12
020491009,813,176,21.65
020491010,1038,243,23.41
020491101,911,201,22.06
020491102,948,212,22.36
020491103,995,235,23.62
020491104,1223,285,23.3
020491105,749,158,21.09
020491106,1073,193,17.99
020491107,1240,278,22.42
020491108,656,132,20.12
020491109,1121,279,24.89
020491110,726,185,25.48
020491111,859,176,20.49
020491201,1140,256,22.46
020491202,641,106,16.54
020491203,809,165,20.4
020491204,768,166,21.61
020491205,732,151,20.63
020491206,917,167,18.21
020491207,670,131,19.55
020491208,905,154,17.02
020491209,885,176,19.89
020491301,964,189,19.61
020491302,953,199,20.88
020491303,1117,167,14.95
020491304,705,184,26.1
020491305,784,194,24.74
020491306,789,165,20.91
020491307,848,137,16.16
020491308,861,115,13.36
020491309,511,96,18.79
020491310,602,122,20.27
020491311,885,174,19.66
020491312,694,126,18.16
020491313,595,118,19.83
020491314,676,104,15.38
020491315,430,84,19.53
020491401,912,166,18.2
020491402,1027,172,16.75
020491403,736,115,15.62
020491404,687,128,18.63
020491405,891,133,14.93
020491406,1038,167,16.09
020491407,937,151,16.12
020491408,839,151,18.0
020491409,731,120,16.42
020491410,662,113,17.07
020491411,1063,183,17.22
020491412,916,152,16.59
020491413,693,116,16.74
020491501,906,127,14.02
020491502,790,142,17.97
020491503,958,148,15.45
020491504,683,118,17.28
020491505,746,121,16.22
020491506,833,174,20.89
020491507,762,160,21.0
020491508,790,120,15.19
020491509,1048,207,19.75
020491510,1075,166,15.44
020491511,1056,161,15.25
020491601,702,157,22.36
020491602,748,150,20.05
020491603,766,170,22.19
020491604,767,133,17.34
020491605,736,123,16.71
020491606,832,149,17.91
020491607,1111,202,18.18
020491608,1033,127,12.29
020491609,1399,179,12.79
020491701,1010,38,3.76
020491702,256,9,3.52
020491703,108,3,2.78
020491704,178,29,16.29
020491705,86,5,5.81
020491706,256,24,9.38
020491707,237,5,2.11
020491708,105,5,4.76
020491709,198,4,2.02
020491710,267,8,3.0
020491711,87,4,4.6
020491712,115,1,0.87
020491713,68,3,4.41
020491801,235,10,4.26
020491802,208,7,3.37
020491803,249,11,4.42
020491804,279,20,7.17
020491805,311,33,10.61
020491806,416,14,3.37
020491807,603,72,11.94
020491808,204,26,12.75
020491809,193,14,7.25
020491810,184,13,7.07
020491811,70,5,7.14
020491812,39,0,0.0
020491813,407,16,3.93
020491901,897,85,9.48
020491902,899,77,8.57
020491903,1038,94,9.06
020491904,1314,127,9.67
020491905,1000,72,7.2
020491906,1306,134,10.26
020492001,1080,216,20.0
020492002,622,135,21.7
020492003,753,160,21.25
020492004,722,103,14.27
020492005,867,136,15.69
020492006,791,146,18.46
020492007,747,122,16.33
020492008,1446,223,15.42
020492009,961,137,14.26
020492010,1548,221,14.28
020492011,1078,145,13.45
020492012,760,112,14.74
020492013,1361,266,19.54
020492101,1219,214,17.56
020492102,909,165,18.15
020492103,1231,254,20.63
020492104,572,126,22.03
020492105,682,151,22.14
020492106,724,158,21.82
020492107,896,199,22.21
020492108,460,99,21.52
020492109,945,177,18.73
020492110,1011,251,24.83
020492111,904,188,20.8
020492112,805,149,18.51
020492113,450,66,14.67
020492114,543,92,16.94
020492201,925,154,16.65
020492202,708,105,14.83
020492203,1060,208,19.62
020492204,997,232,23.27
020492205,1020,151,14.8
020492206,1082,183,16.91
020492207,697,139,19.94
020492208,717,115,16.04
020492209,531,133,25.05
020492210,779,140,17.97
020492211,799,196,24.53
020492212,583,147,25.21
020492213,760,177,23.29
020492214,645,104,16.12
020492301,799,157,19.65
020492302,784,118,15.05
020492303,715,129,18.04
020492304,553,126,22.78
020492305,764,132,17.28
020492306,810,119,14.69
020492307,968,166,17.15
020492308,923,142,15.38
020492309,924,220,23.81
020492310,599,75,12.52
020492401,997,199,19.96
020492402,873,137,15.69
020492403,939,168,17.89
020492404,1115,180,16.14
020492405,1035,172,16.62
020492406,1101,166,15.08
020492407,973,144,14.8
020492408,866,180,20.79
020492409,1117,188,16.83
020492410,1144,170,14.86
020492411,966,180,18.63
020560101,1504,97,6.45
020560102,982,112,11.41
020560103,1422,75,5.27
020560104,818,61,7.46
020560105,1103,66,5.98
020560106,790,33,4.18
020560107,1172,74,6.31
020560108,830,99,11.93
020560109,1146,89,7.77
020560110,703,38,5.41
020560111,684,33,4.82
020560112,884,21,2.38
020560113,947,24,2.53
020560114,2219,47,2.12
020560115,868,34,3.92
020560116,1036,68,6.56
020560117,968,49,5.06
020560118,676,42,6.21
020560119,1010,64,6.34
020560120,791,50,6.32
020560121,1593,40,2.51
020560122,1147,52,4.53
020560123,1306,31,2.37
020560124,539,25,4.64
020560201,1201,147,12.24
020560202,589,81,13.75
020560203,484,53,10.95
020560204,877,117,13.34
020560205,615,69,11.22
020560206,651,117,17.97
020560207,1227,151,12.31
020560208,937,99,10.57
020560209,875,150,17.14
020560210,669,113,16.89
020560301,1108,151,13.63
020560302,816,128,15.69
020560303,672,114,16.96
020560304,681,134,19.68
020560305,906,162,17.88
020560306,740,99,13.38
020560307,606,101,16.67
020560308,1513,41,2.71
020560309,883,49,5.55
020560310,1042,55,5.28
020560311,1822,71,3.9
020560312,466,23,4.94
020560313,1114,58,5.21
020560314,351,26,7.41
020560401,976,124,12.7
020560402,638,100,15.67
020560403,858,119,13.87
020560404,721,109,15.12
020560405,929,175,18.84
020560406,1130,186,16.46
020560407,831,148,17.81
020560408,902,181,20.07
020560409,811,154,18.99
020560410,996,164,16.47
020560411,796,136,17.09
020560501,822,135,16.42
020560502,731,120,16.42
020560503,971,138,14.21
020560504,805,146,18.14
020560505,608,109,17.93
020560506,890,148,16.63
020560507,1031,157,15.23
020560508,561,104,18.54
020560509,845,121,14.32
020560510,970,166,17.11
020560511,879,196,22.3
020560601,774,148,19.12
020560602,1036,220,21.24
020560603,942,207,21.97
020560604,789,160,20.28
020560605,1082,191,17.65
020560606,1161,147,12.66
020560607,958,137,14.3
020560608,788,147,18.65
020560609,936,150,16.03
020560610,906,135,14.9
020560611,777,85,10.94
020560701,1424,121,8.5
020560702,1406,116,8.25
020560703,846,52,6.15
020560704,1547,48,3.1
020560705,1178,25,2.12
020560706,1399,42,3.0
020560707,1542,45,2.92
020560708,1766,30,1.7
020560709,1275,29,2.27
020560710,1067,28,2.62
020560711,954,52,5.45
020560712,1683,99,5.88
020560713,1623,91,5.61
020560714,1361,37,2.72
020560715,986,44,4.46
020560716,748,20,2.67
020560801,857,163,19.02
020560802,984,177,17.99
020560803,845,142,16.8
020560804,896,186,20.76
020560805,982,167,17.01
020560806,863,162,18.77
020560807,788,157,19.92
020560808,504,72,14.29
020560809,844,135,16.0
020560810,1022,141,13.8
020560811,773,156,20.18
020560901,773,146,18.89
020560902,939,199,21.19
020560903,1086,204,18.78
020560904,811,161,19.85
020560905,809,150,18.54
020560906,812,120,14.78
020560907,783,147,18.77
020560908,788,170,21.57
020560909,1048,193,18.42
020561001,779,140,17.97
020561002,746,130,17.43
020561003,1203,182,15.13
020561004,2321,416,17.92
020561005,1902,310,16.3
020561006,1681,251,14.93
020561007,1864,275,14.75
020561008,1208,84,6.95
020561101,2779,489,17.6
020561102,2067,313,15.14
020561103,2490,425,17.07
020561104,1764,352,19.95
020561105,1166,194,16.64
020561201,820,161,19.63
020561202,1121,207,18.47
020561203,1049,204,19.45
020561204,1975,237,12.0
020561205,941,182,19.34
020561206,826,149,18.04
020561207,1000,161,16.1
020561301,503,20,3.98
020561302,452,57,12.61
020561303,1020,148,14.51
020561304,1481,234,15.8
020561305,1022,203,19.86
020561306,685,103,15.04
020561307,837,137,16.37
020561308,845,145,17.16
020561309,1095,32,2.92
020561310,953,17,1.78
020561311,893,19,2.13
020561401,1428,66,4.62
020561402,892,47,5.27
020561403,1151,58,5.04
020561404,1997,162,8.11
020561405,1217,143,11.75
020561406,856,139,16.24
020561407,1054,167,15.84
020561408,777,152,19.56
020561409,1070,131,12.24
020561410,958,150,15.66
020561411,1426,40,2.81
020561501,1008,33,3.27
020561502,1222,40,3.27
020561503,1613,58,3.6
020561504,874,32,3.66
020561505,998,39,3.91
020561506,1025,39,3.8
020561507,962,44,4.57
020561508,996,37,3.71
020561509,1087,93,8.56
020561510,2082,229,11.0
020561511,656,15,2.29
020561512,808,17,2.1
020561513,678,28,4.13
020561514,975,41,4.21
020561515,1505,49,3.26
020561516,596,23,3.86
020561517,624,13,2.08
020561518,915,11,1.2
020561519,907,17,1.87
020561601,1025,127,12.39
020561602,710,70,9.86
020561603,1102,137,12.43
020561604,817,83,10.16
020561605,1109,151,13.62
020561606,785,96,12.23
020561607,1040,135,12.98
020561608,799,80,10.01
020561609,948,136,14.35
020561610,1082,160,14.79
020561701,706,130,18.41
020561702,379,89,23.48
020561703,492,110,22.36
020561704,656,127,19.36
020561705,1465,132,9.01
020561801,579,21,3.63
020561802,586,20,3.41
020561803,342,14,4.09
020561804,597,16,2.68
020561805,422,15,3.55
020561806,935,29,3.1
020561807,797,19,2.38
020561808,641,16,2.5
020561809,1184,24,2.03
020630101,430,102,23.72
020630102,473,73,15.43
020630103,652,117,17.94
020630104,760,117,15.39
020630105,784,135,17.22
020630106,709,130,18.34
020630107,685,109,15.91
020630108,692,123,17.77
020630109,848,136,16.04
020630201,1169,214,18.31
020630202,903,158,17.5
020630203,1119,178,15.91
020630204,605,110,18.18
020630205,1215,241,19.84
020630206,741,135,18.22
020630207,910,155,17.03
020630208,713,101,14.17
020630209,1114,181,16.25
020630210,878,167,19.02
020630211,914,167,18.27
020630212,825,130,15.76
020630213,489,92,18.81
020630301,677,119,17.58
020630302,749,104,13.89
020630303,614,120,19.54
020630304,720,123,17.08
020630305,593,121,20.4
020630306,843,156,18.51
020630307,821,173,21.07
020630308,776,152,19.59
020630309,636,187,29.4
020630310,792,185,23.36
020630311,654,150,22.94
020630312,684,137,20.03
020630313,852,131,15.38
020630401,909,186,20.46
020630402,1010,217,21.49
020630403,938,168,17.91
020630404,891,184,20.65
020630405,916,176,19.21
020630406,629,129,20.51
020630407,839,159,18.95
020630408,766,132,17.23
020630409,821,180,21.92
020630410,690,132,19.13
020630411,968,228,23.55
020630501,1004,151,15.04
020630502,1104,178,16.12
020630503,744,133,17.88
020630504,1047,195,18.62
020630505,1117,205,18.35
020630506,955,164,17.17
020630507,961,161,16.75
020630508,882,156,17.69
020630509,1128,183,16.22
020630510,794,163,20.53
020630511,941,179,19.02
020630601,1192,231,19.38
020630602,759,125,16.47
020630603,1053,210,19.94
020630604,1069,241,22.54
020630605,1183,217,18.34
020630606,734,165,22.48
020630607,1187,235,19.8
020630608,946,153,16.17
020630609,936,133,14.21
020630610,986,189,19.17
020630611,942,174,18.47
020630612,656,127,19.36
020630701,799,166,20.78
020630702,893,204,22.84
020630703,549,134,24.41
020630704,744,151,20.3
020630705,777,172,22.14
020630706,842,192,22.8
020630707,683,106,15.52
020630708,727,139,19.12
020630709,906,168,18.54
020630710,692,112,16.18
020630711,866,158,18.24
020630712,1012,191,18.87
020630713,813,188,23.12
020630714,852,177,20.77
020630801,994,176,17.71
020630802,826,174,21.07
020630803,822,208,25.3
020630804,831,182,21.9
020630805,888,152,17.12
020630806,1088,203,18.66
020630807,725,132,18.21
020630808,1017,163,16.03
020630809,878,131,14.92
020630810,995,183,18.39
020630811,639,107,16.74
020630812,824,136,16.5
020630813,621,112,18.04
020630901,876,114,13.01
020630902,927,165,17.8
020630903,1147,198,17.26
020630904,652,131,20.09
020630905,780,141,18.08
020630906,996,179,17.97
020630907,942,171,18.15
020630908,565,120,21.24
020630909,766,133,17.36
020630910,851,160,18.8
020630911,764,160,20.94
020630912,801,158,19.73
020630913,620,97,15.65
020630914,907,160,17.64
020631001,887,160,18.04
020631002,926,164,17.71
020631003,943,155,16.44
020631004,739,136,18.4
020631005,894,162,18.12
020631006,754,120,15.92
020631007,700,131,18.71
020631008,884,193,21.83
020631009,511,94,18.4
020631010,756,155,20.5
020631011,558,105,18.82
020631012,498,111,22.29
020631101,1016,197,19.39
020631102,1076,171,15.89
020631103,792,130,16.41
020631104,1237,207,16.73
020631105,882,155,17.57
020631106,821,163,19.85
020631107,969,163,16.82
020631108,858,173,20.16
020631109,1060,170,16.04
020631110,862,145,16.82
020631111,830,156,18.8
020631112,1060,182,17.17
020631201,1033,174,16.84
020631202,531,89,16.76
020631203,732,103,14.07
020631204,813,161,19.8
020631205,817,129,15.79
020631206,800,153,19.12
020631207,744,124,16.67
020631208,952,186,19.54
020631209,843,156,18.51
020631210,1363,192,14.09
020631211,795,141,17.74
020631212,713,103,14.45
020631301,904,164,18.14
020631302,1359,208,15.31
020631303,1058,178,16.82
020631304,963,178,18.48
020631305,1403,197,14.04
020631306,1206,151,12.52
020631307,1545,159,10.29
020631401,1305,223,17.09
020631402,1066,173,16.23
020631403,1095,148,13.52
020631404,902,92,10.2
020631405,1034,70,6.77
020631406,555,36,6.49
020631407,1493,126,8.44
020631408,671,55,8.2
020631409,1335,151,11.31
020631410,701,55,7.85
020631411,808,43,5.32
020631412,729,54,7.41
020631413,531,61,11.49
020631414,963,77,8.0
020631415,1085,68,6.27
020631501,615,104,16.91
020631502,915,172,18.8
020631503,1029,155,15.06
020631504,1060,124,11.7
020631505,987,151,15.3
020631506,1000,174,17.4
020631507,1030,170,16.5
020631508,921,120,13.03
020631509,923,129,13.98
020631510,714,126,17.65
020631511,1048,171,16.32
020631601,983,156,15.87
020631602,973,156,16.03
020631603,855,155,18.13
020631604,830,147,17.71
020631605,994,176,17.71
020631606,1106,216,19.53
020631607,1021,199,19.49
020631608,968,192,19.83
020631609,1155,217,18.79
020631610,785,146,18.6
020631611,586,110,18.77
020631612,659,120,18.21
020631613,758,138,18.21
020700101,615,134,21.79
020700102,886,178,20.09
020700103,938,187,19.94
020700104,681,138,20.26
020700105,845,147,17.4
020700106,850,171,20.12
020700107,827,178,21.52
020700108,1009,205,20.32
020700201,840,182,21.67
020700202,729,140,19.2
020700203,719,157,21.84
020700204,926,177,19.11
020700205,798,144,18.05
020700206,1147,199,17.35
020700207,1041,170,16.33
020700208,894,202,22.6
020700301,829,142,17.13
020700302,807,180,22.3
020700303,972,196,20.16
020700304,592,128,21.62
020700305,752,171,22.74
020700306,770,149,19.35
020700307,910,203,22.31
020700308,1050,189,18.0
020700401,1114,199,17.86
020700402,1275,250,19.61
020700403,902,208,23.06
020700404,1496,232,15.51
020700405,1039,207,19.92
020700406,665,150,22.56
020700407,1056,200,18.94
020700408,1017,187,18.39
020700409,778,158,20.31
020700501,703,152,21.62
020700502,729,125,17.15
020700503,1042,197,18.91
020700504,876,158,18.04
020700505,847,185,21.84
020700506,848,180,21.23
020700507,822,179,21.78
020700508,1108,194,17.51
020700509,801,178,22.22
020700510,874,183,20.94
020700511,818,156,19.07
020700512,790,191,24.18
020700513,761,172,22.6
020700514,768,153,19.92
020700601,689,125,18.14
020700602,746,164,21.98
020700603,956,184,19.25
020700604,835,157,18.8
020700605,1028,189,18.39
020700606,1042,192,18.43
020700607,768,159,20.7
020700608,1029,182,17.69
020700609,697,121,17.36
020700610,1333,242,18.15
020700611,847,191,22.55
020700612,726,196,27.0
020700613,1163,254,21.84
020700614,549,108,19.67
020700701,1388,265,19.09
020700702,1295,217,16.76
020700703,1164,220,18.9
020700704,1238,227,18.34
020700705,1181,190,16.09
020700706,943,196,20.78
020700707,1181,351,29.72
020700708,1029,200,19.44
020700709,1101,190,17.26
020700710,1110,183,16.49
020700801,1012,212,20.95
020700802,1180,211,17.88
020700803,729,154,21.12
020700804,1197,220,18.38
020700805,983,162,16.48
020700806,895,199,22.23
020700807,1192,196,16.44
020700808,1173,248,21.14
020700809,677,137,20.24
020700901,974,168,17.25
020700902,995,202,20.3
020700903,909,168,18.48
020700904,758,166,21.9
020700905,788,164,20.81
020700906,991,159,16.04
020700907,872,149,17.09
020700908,823,148,17.98
020700909,757,143,18.89
020700910,885,147,16.61
020701001,800,184,23.0
020701002,1053,180,17.09
020701003,894,141,15.77
020701004,738,168,22.76
020701005,908,167,18.39
020701006,928,168,18.1
020701007,758,154,20.32
020701008,937,194,20.7
020701009,960,170,17.71
020701010,750,142,18.93
020701011,814,128,15.72
020701012,858,165,19.23
020701101,908,165,18.17
020701102,933,197,21.11
020701103,1031,177,17.17
020701104,740,104,14.05
020701105,680,95,13.97
020701106,414,62,14.98
020701107,788,117,14.85
020701108,825,160,19.39
020701109,918,188,20.48
020701110,693,137,19.77
020701111,624,120,19.23
020701201,928,168,18.1
020701202,847,192,22.67
020701203,739,119,16.1
020701204,576,91,15.8
020701205,345,37,10.72
020701206,331,45,13.6
020701207,619,112,18.09
020701208,777,155,19.95
020701209,820,138,16.83
020701210,695,147,21.15
020701301,609,121,19.87
020701302,976,177,18.14
020701303,590,125,21.19
020701304,590,89,15.08
020701305,866,140,16.17
020701306,737,184,24.97
020701307,639,136,21.28
020701308,687,200,29.11
020701309,750,125,16.67
020701310,669,137,20.48
020701311,594,142,23.91
020701312,578,107,18.51
020701401,917,180,19.63
020701402,1083,180,16.62
020701403,987,119,12.06
020701404,906,194,21.41
020701405,686,178,25.95
020701406,573,111,19.37
020701407,865,144,16.65
020701408,644,128,19.88
020701409,863,153,17.73
020701410,1023,215,21.02
020701411,545,99,18.17
020701501,632,132,20.89
020701502,824,164,19.9
020701503,626,112,17.89
020701504,676,128,18.93
020701505,867,185,21.34
020701506,781,183,23.43
020701507,757,155,20.48
020701508,986,176,17.85
020701509,1099,263,23.93
020701601,816,146,17.89
020701602,1069,253,23.67
020701603,850,168,19.76
020701604,890,191,21.46
020701605,554,117,21.12
020701606,1166,248,21.27
020701607,794,147,18.51
020701608,1063,181,17.03
020701609,990,174,17.58
020701610,532,132,24.81
020701701,765,201,26.27
020701702,1037,202,19.48
020701703,1195,235,19.67
020701704,1137,184,16.18
020701705,1092,177,16.21
020701706,1158,213,18.39
020701707,963,154,15.99
020701708,718,145,20.19
020701709,663,131,19.76
020701710,907,145,15.99
020701801,837,150,17.92
020701802,849,157,18.49
020701803,766,130,16.97
020701804,1015,149,14.68
020701805,663,137,20.66
020701806,565,116,20.53
020701807,710,144,20.28
020701808,712,124,17.42
020701809,723,149,20.61
020701810,557,90,16.16
020701811,516,68,13.18
020701812,769,140,18.21
020701901,559,110,19.68
020701902,1287,230,17.87
020701903,835,108,12.93
020701904,872,169,19.38
020701905,938,186,19.83
020701906,1045,177,16.94
020701907,902,209,23.17
020701908,556,112,20.14
020701909,755,140,18.54
020701910,652,96,14.72
020701911,1103,193,17.5
020701912,1158,196,16.93
020701913,555,87,15.68
020770101,903,180,19.93
020770102,1059,188,17.75
020770103,827,131,15.84
020770104,952,141,14.81
020770105,643,104,16.17
020770106,841,168,19.98
020770107,896,136,15.18
020770108,997,159,15.95
020770109,515,107,20.78
020770110,676,120,17.75
020770111,1045,195,18.66
020770112,779,128,16.43
020770113,434,71,16.36
020770114,502,101,20.12
020770201,898,160,17.82
020770202,1338,256,19.13
020770203,873,137,15.69
020770204,705,128,18.16
020770205,1056,225,21.31
020770206,989,205,20.73
020770207,988,180,18.22
020770208,893,199,22.28
020770209,722,156,21.61
020770210,1021,210,20.57
020770211,722,145,20.08
020770301,707,201,28.43
020770302,766,207,27.02
020770303,736,156,21.2
020770304,572,138,24.13
020770305,867,205,23.64
020770306,730,192,26.3
020770307,874,206,23.57
020770308,734,164,22.34
020770309,820,184,22.44
020770310,686,165,24.05
020770311,895,215,24.02
020770312,716,105,14.66
020770401,756,142,18.78
020770402,749,140,18.69
020770403,630,127,20.16
020770404,811,228,28.11
020770405,733,195,26.6
020770406,639,128,20.03
020770407,677,152,22.45
020770408,984,194,19.72
020770409,1009,224,22.2
020770410,662,143,21.6
020770411,1021,165,16.16
020770412,936,218,23.29
020770413,780,161,20.64
020770501,724,151,20.86
020770502,803,153,19.05
020770503,792,143,18.06
020770504,686,157,22.89
020770505,901,186,20.64
020770506,869,183,21.06
020770507,774,162,20.93
020770508,860,174,20.23
020770509,814,154,18.92
020770510,732,189,25.82
020770601,845,163,19.29
020770602,1239,242,19.53
020770603,1203,234,19.45
020770604,1303,255,19.57
020770605,1273,236,18.54
020770606,1119,233,20.82
020770607,1093,166,15.19
020770608,965,216,22.38
020770609,875,151,17.26
020770610,621,93,14.98
020770611,919,154,16.76
020770701,518,96,18.53
020770702,987,180,18.24
020770703,881,179,20.32
020770704,1041,220,21.13
020770705,1055,177,16.78
020770706,1064,221,20.77
020770707,922,179,19.41
020770708,862,174,20.19
020770709,1065,197,18.5
020770710,1027,201,19.57
020770711,1077,221,20.52
020770712,929,195,20.99
020770801,873,140,16.04
020770802,911,177,19.43
020770803,591,157,26.57
020770804,709,177,24.96
020770805,775,181,23.35
020770806,1096,237,21.62
020770807,1102,249,22.6
020770808,1059,234,22.1
020770809,956,249,26.05
020770901,969,188,19.4
020770902,764,156,20.42
020770903,1040,206,19.81
020770904,620,145,23.39
020770905,755,162,21.46
020770906,691,148,21.42
020770907,713,148,20.76
020770908,752,197,26.2
020770909,604,111,18.38
020770910,932,164,17.6
020770911,664,183,27.56
020770912,753,177,23.51
020771001,893,187,20.94
020771002,1179,239,20.27
020771003,760,175,23.03
020771004,1025,237,23.12
020771005,1210,267,22.07
020771006,1355,266,19.63
020771007,1349,182,13.49
020771008,660,75,11.36
020771009,1166,189,16.21
020771010,920,124,13.48
020771011,742,116,15.63
020771101,832,141,16.95
020771102,1147,240,20.92
020771103,1050,168,16.0
020771104,328,65,19.82
020771105,1073,202,18.83
020771106,1019,204,20.02
020771107,920,157,17.07
020771108,947,165,17.42
020771109,749,149,19.89
020771201,863,175,20.28
020771202,743,136,18.3
020771203,1163,183,15.74
020771204,786,150,19.08
020771205,658,125,19.0
020771206,836,172,20.57
020771207,713,143,20.06
020771208,668,117,17.51
020771209,722,140,19.39
020771210,907,121,13.34
020771301,747,189,25.3
020771302,758,195,25.73
020771303,728,196,26.92
020771304,924,220,23.81
020771305,831,229,27.56
020771306,999,216,21.62
020771307,758,155,20.45
020771308,748,159,21.26
020771309,980,219,22.35
020771310,914,167,18.27
020771311,867,168,19.38
020771401,914,188,20.57
020771402,880,186,21.14
020771403,977,204,20.88
020771404,698,129,18.48
020771405,944,188,19.92
020771406,618,125,20.23
020771407,1445,336,23.25
020771408,794,126,15.87
020771501,1008,199,19.74
020771502,888,159,17.91
020771503,1049,216,20.59
020771504,999,184,18.42
020771505,819,169,20.63
020771506,665,153,23.01
020771507,733,158,21.56
020771508,864,181,20.95
020771509,990,226,22.83
020771510,917,210,22.9
020771511,1090,217,19.91
020771601,1005,184,18.31
020771602,545,96,17.61
020771603,838,158,18.85
020771604,743,158,21.27
020771605,1128,185,16.4
020771606,970,165,17.01
020771607,1084,196,18.08
020771608,1077,210,19.5
020771609,762,128,16.8
020771610,720,107,14.86
020771611,590,124,21.02
020771701,793,120,15.13
020771702,795,151,18.99
020771703,962,166,17.26
020771704,825,129,15.64
020771705,750,123,16.4
020771706,771,146,18.94
020771707,755,152,20.13
020771708,672,121,18.01
020771801,763,153,20.05
020771802,813,140,17.22
020771803,1119,168,15.01
020771804,1107,181,16.35
020771805,1075,179,16.65
020771806,852,154,18.08
020771807,758,147,19.39
020771808,727,109,14.99
020771809,630,106,16.83
020771810,1166,102,8.75
020771901,679,123,18.11
020771902,887,170,19.17
020771903,649,127,19.57
020771904,842,169,20.07
020771905,794,144,18.14
020771906,944,197,20.87
020771907,821,152,18.51
020771908,758,133,17.55
020771909,820,127,15.49
020772001,759,131,17.26
020772002,847,180,21.25
020772003,1340,187,13.96
020772004,986,167,16.94
020772005,906,166,18.32
020772006,636,158,24.84
020772007,804,128,15.92
020772008,542,70,12.92
020772009,829,137,16.53
020772010,786,156,19.85
020772011,644,109,16.93
020772101,764,148,19.37
020772102,803,155,19.3
020772103,1056,235,22.25
020772104,927,167,18.02
020772105,412,72,17.48
020772106,902,176,19.51
020772107,737,131,17.77
020772108,673,126,18.72
020772109,606,99,16.34
020772110,857,142,16.57
020772111,822,144,17.52
020772112,516,90,17.44
020772201,785,130,16.56
020772202,757,140,18.49
020772203,844,165,19.55
020772204,687,129,18.78
020772205,852,168,19.72
020772206,979,199,20.33
020772207,800,150,18.75
020772208,779,147,18.87
020772209,736,130,17.66
020772210,774,143,18.48
020772211,909,140,15.4
020840101,560,105,18.75
020840102,733,158,21.56
020840103,597,143,23.95
020840104,875,160,18.29
020840105,650,112,17.23
020840106,817,153,18.73
020840107,1213,238,19.62
020840108,677,142,20.97
020840109,988,200,20.24
020840110,1155,212,18.35
020840111,1076,186,17.29
020840201,750,110,14.67
020840202,848,207,24.41
020840203,961,180,18.73
020840204,1262,254,20.13
020840205,1046,183,17.5
020840206,1054,197,18.69
020840207,1117,213,19.07
020840208,1122,194,17.29
020840209,633,113,17.85
020840301,439,67,15.26
020840302,711,154,21.66
020840303,981,183,18.65
020840304,832,165,19.83
020840305,887,141,15.9
020840306,1394,163,11.69
020840307,935,200,21.39
020840308,667,108,16.19
020840309,582,98,16.84
020840310,1052,183,17.4
020840311,791,143,18.08
020840401,961,154,16.02
020840402,1143,180,15.75
020840403,1374,266,19.36
020840404,912,151,16.56
020840405,690,147,21.3
020840406,839,184,21.93
020840407,930,209,22.47
020840408,503,81,16.1
020840409,610,112,18.36
020840410,740,122,16.49
020840501,813,132,16.24
020840502,687,112,16.3
020840503,700,111,15.86
020840504,574,126,21.95
020840505,641,134,20.9
020840506,627,127,20.26
020840507,719,118,16.41
020840508,785,179,22.8
020840509,715,132,18.46
020840510,699,139,19.89
020840511,690,113,16.38
020840512,765,111,14.51
020840601,950,179,18.84
020840602,1115,205,18.39
020840603,739,153,20.7
020840604,912,190,20.83
020840605,1041,189,18.16
020840606,807,137,16.98
020840607,693,135,19.48
020840608,1059,176,16.62
020840609,967,146,15.1
020840610,860,160,18.6
020840701,1002,165,16.47
020840702,822,165,20.07
020840703,878,181,20.62
020840704,957,150,15.67
020840705,837,153,18.28
020840706,991,190,19.17
020840707,925,156,16.86
020840708,907,197,21.72
020840709,648,95,14.66
020840710,577,116,20.1
020840711,568,98,17.25
020840712,366,60,16.39
020840713,815,150,18.4
020840801,1075,144,13.4
020840802,804,144,17.91
020840803,918,167,18.19
020840804,859,124,14.44
020840805,609,130,21.35
020840806,1002,195,19.46
020840807,807,163,20.2
020840808,1143,156,13.65
020840809,1062,203,19.11
020840810,726,152,20.94
020840811,621,141,22.71
020840812,884,101,11.43
020840901,1208,226,18.71
020840902,981,198,20.18
020840903,820,133,16.22
020840904,1341,224,16.7
020840905,1256,228,18.15
020840906,1072,172,16.04
020840907,996,173,17.37
020840908,691,135,19.54
020841001,1212,184,15.18
020841002,850,149,17.53
020841003,886,166,18.74
020841004,773,120,15.52
020841005,773,128,16.56
020841006,1123,161,14.34
020841007,1039,129,12.42
020841008,899,122,13.57
020841009,995,168,16.88
020841010,788,124,15.74
020841011,1242,152,12.24
020841012,717,98,13.67
020841013,629,111,17.65
020841101,882,160,18.14
020841102,655,99,15.11
020841103,833,113,13.57
020841104,837,142,16.97
020841105,699,81,11.59
020841106,834,173,20.74
020841107,755,134,17.75
020841108,786,139,17.68
020841109,894,186,20.81
020841110,898,170,18.93
020841111,1232,166,13.47
020841112,616,27,4.38
020841113,355,62,17.46
020841201,827,166,20.07
020841202,1417,230,16.23
020841203,1087,180,16.56
020841204,1005,209,20.8
020841205,1074,221,20.58
020841206,662,146,22.05
020841207,907,176,19.4
020841208,709,125,17.63
020841209,603,61,10.12
020841301,1117,176,15.76
020841302,1146,191,16.67
020841303,540,77,14.26
020841304,1100,214,19.45
020841305,807,173,21.44
020841306,1161,193,16.62
020841307,835,177,21.2
020841308,714,118,16.53
020841309,1161,181,15.59
020841310,607,100,16.47
020841311,703,154,21.91
020841401,835,186,22.28
020841402,997,248,24.87
020841403,983,205,20.85
020841404,1141,230,20.16
020841405,1032,235,22.77
020841406,943,192,20.36
020841407,1625,256,15.75
020841408,926,180,19.44
020841409,1489,235,15.78
020841410,968,184,19.01
020841411,797,130,16.31
020841412,466,73,15.67
020841501,634,101,15.93
020841502,624,113,18.11
020841503,410,105,25.61
020841504,1055,208,19.72
020841505,1108,196,17.69
020841506,916,274,29.91
020841507,1002,226,22.55
020841508,1205,233,19.34
020841509,1461,222,15.2
020841510,1166,208,17.84
020841511,828,152,18.36
020841512,782,165,21.1
020841513,571,175,30.65
020841514,632,88,13.92
020841515,501,80,15.97
020841516,890,151,16.97
020841601,1202,195,16.22
020841602,967,183,18.92
020841603,1177,189,16.06
020841604,515,89,17.28
020841605,588,122,20.75
020841606,919,150,16.32
020841607,976,131,13.42
020841608,914,123,13.46
020841609,879,165,18.77
020841610,1010,211,20.89
020841611,896,139,15.51
020841612,740,143,19.32
020841613,588,109,18.54
020841614,337,82,24.33
020841615,671,88,13.11
020841616,618,85,13.75
020841617,922,140,15.18
020841618,628,83,13.22
020841619,540,72,13.33
020841620,629,93,14.79
020841621,679,121,17.82
020841701,1146,201,17.54
020841702,961,184,19.15
020841703,1040,194,18.65
020841704,1022,157,15.36
020841705,1387,214,15.43
020841706,1119,225,20.11
020841707,1245,184,14.78
020841708,440,90,20.45
020841709,623,84,13.48
020841710,952,145,15.23
020841801,772,148,19.17
020841802,1066,214,20.08
020841803,1080,226,20.93
020841804,1037,203,19.58
020841805,1079,180,16.68
020841806,1143,193,16.89
020841807,963,196,20.35
020841808,956,165,17.26
020841809,881,132,14.98
020841810,1114,148,13.29
020841811,678,116,17.11
020841812,663,86,12.97
020841813,821,188,22.9
020841814,540,83,15.37
020841815,434,49,11.29
020841901,1043,222,21.28
020841902,602,110,18.27
020841903,685,133,19.42
020841904,907,198,21.83
020841905,1350,243,18.0
020841906,1100,211,19.18
020841907,877,163,18.59
020841908,961,179,18.63
020841909,1026,186,18.13
020841910,947,165,17.42
020841911,1111,224,20.16
020841912,889,161,18.11
020841913,770,138,17.92
020842001,854,169,19.79
020842002,765,153,20.0
020842003,729,110,15.09
020842004,1381,294,21.29
020842005,1034,225,21.76
020842006,1369,271,19.8
020842007,1209,266,22.0
020842008,1076,195,18.12
020842009,877,149,16.99
020842010,632,126,19.94
020842101,638,126,19.75
020842102,774,125,16.15
020842103,653,121,18.53
020842104,1286,242,18.82
020842105,890,176,19.78
020842106,895,148,16.54
020842107,1196,221,18.48
020842108,1185,244,20.59
020842109,731,158,21.61
020842110,881,154,17.48
020842111,789,138,17.49
020842112,660,129,19.55
020842113,848,129,15.21
020842201,806,158,19.6
020842202,1044,197,18.87
020842203,1034,192,18.57
020842204,865,147,16.99
020842205,1127,223,19.79
020842206,915,163,17.81
020842207,804,131,16.29
020842208,1081,195,18.04
020842209,674,128,18.99
020842210,1117,215,19.25
020842211,1104,260,23.55
020842212,814,140,17.2
020842213,499,80,16.03
020842214,482,86,17.84
020842215,617,94,15.24
020910101,1176,222,18.88
020910102,835,164,19.64
020910103,835,196,23.47
020910104,652,102,15.64
020910105,1221,259,21.21
020910106,1348,226,16.77
020910107,723,157,21.72
020910108,683,156,22.84
020910109,600,143,23.83
020910110,812,215,26.48
020910111,643,153,23.79
020910112,529,122,23.06
020910113,605,162,26.78
020910114,535,101,18.88
020910115,459,73,15.9
020910201,640,128,20.0
020910202,860,186,21.63
020910203,819,190,23.2
020910204,756,161,21.3
020910205,996,187,18.78
020910206,886,146,16.48
020910207,785,158,20.13
020910208,786,161,20.48
020910209,1126,246,21.85
020910210,1281,264,20.61
020910211,706,88,12.46
020910212,742,134,18.06
020910213,601,74,12.31
020910301,1149,201,17.49
020910302,680,121,17.79
020910303,820,150,18.29
020910304,571,121,21.19
020910305,1101,183,16.62
020910306,1037,182,17.55
020910307,806,132,16.38
020910308,1113,170,15.27
020910309,1091,163,14.94
020910310,755,98,12.98
020910311,751,112,14.91
020910312,505,67,13.27
020910313,489,76,15.54
020910401,956,170,17.78
020910402,957,163,17.03
020910403,863,183,21.21
020910404,1215,258,21.23
020910405,1085,239,22.03
020910406,1093,179,16.38
020910407,845,166,19.64
020910408,785,150,19.11
020910409,843,156,18.51
020910410,578,104,17.99
020910411,918,142,15.47
020910412,225,36,16.0
020910413,737,180,24.42
020910414,774,152,19.64
020910415,645,89,13.8
020910416,594,88,14.81
020910501,810,142,17.53
020910502,1237,220,17.78
020910503,525,98,18.67
020910504,981,199,20.29
020910505,1050,202,19.24
020910506,957,148,15.46
020910507,1067,169,15.84
020910508,1322,217,16.41
020910509,731,99,13.54
020910510,647,128,19.78
020910511,667,81,12.14
020910512,427,54,12.65
020910601,744,168,22.58
020910602,1133,198,17.48
020910603,1012,203,20.06
020910604,1047,156,14.9
020910605,1084,182,16.79
020910606,947,206,21.75
020910607,1140,222,19.47
020910608,810,167,20.62
020910701,626,92,14.7
020910702,565,112,19.82
020910703,1286,233,18.12
020910704,863,173,20.05
020910705,978,191,19.53
020910706,884,176,19.91
020910707,976,184,18.85
020910708,898,139,15.48
020910709,1218,221,18.14
020910801,734,138,18.8
020910802,613,115,18.76
020910803,659,121,18.36
020910804,1041,166,15.95
020910805,1340,179,13.36
020910806,663,129,19.46
020910807,733,157,21.42
020910808,1055,201,19.05
020910809,928,199,21.44
020910810,663,129,19.46
020910811,724,114,15.75
020910901,725,151,20.83
020910902,944,191,20.23
020910903,550,105,19.09
020910904,713,127,17.81
020910905,740,148,20.0
020910906,786,169,21.5
020910907,739,188,25.44
020910908,821,201,24.48
020910909,902,236,26.16
020910910,700,139,19.86
020910911,587,134,22.83
020911001,874,110,12.59
020911002,529,54,10.21
020911003,523,75,14.34
020911004,553,102,18.44
020911005,861,123,14.29
020911006,882,162,18.37
020911007,709,124,17.49
020911008,994,231,23.24
020911009,763,152,19.92
020911010,937,180,19.21
020911011,621,119,19.16
020911012,551,53,9.62
020911013,502,61,12.15
020911014,926,102,11.02
020911015,582,71,12.2
020911101,431,91,21.11
020911102,787,168,21.35
020911103,616,159,25.81
020911104,570,138,24.21
020911105,509,137,26.92
020911106,1009,196,19.43
020911107,886,139,15.69
020911201,804,161,20.02
020911202,779,177,22.72
020911203,578,100,17.3
020911204,892,169,18.95
020911205,1460,208,14.25
020911206,580,111,19.14
020911207,928,203,21.88
020911208,687,114,16.59
020911209,1175,193,16.43
020911210,708,128,18.08
020911301,932,282,30.26
020911302,365,69,18.9
020911303,790,139,17.59
020911304,877,188,21.44
020911305,891,159,17.85
020911306,368,48,13.04
020911307,851,131,15.39
020911308,638,183,28.68
020911309,686,195,28.43
020911310,890,258,28.99
020911311,592,152,25.68
020911312,776,236,30.41
020911313,501,110,21.96
020911314,881,142,16.12
020911315,734,163,22.21
020911401,821,220,26.8
020911402,351,99,28.21
020911403,707,138,19.52
020911404,763,175,22.94
020911405,515,161,31.26
020911406,917,266,29.01
020911407,399,112,28.07
020911408,665,177,26.62
020911409,634,176,27.76
020911410,769,240,31.21
020911411,770,175,22.73
020911501,796,146,18.34
020911502,812,188,23.15
020911503,842,206,24.47
020911504,497,90,18.11
020911505,1008,185,18.35
020911506,703,133,18.92
020911507,891,206,23.12
020911508,716,156,21.79
020911509,972,203,20.88
020911510,855,152,17.78
020911511,931,154,16.54
020911512,628,126,20.06
020911601,1105,238,21.54
020911602,911,227,24.92
020911603,716,114,15.92
020911604,816,168,20.59
020911605,568,99,17.43
020911606,657,143,21.77
020911607,984,187,19.0
020911608,766,228,29.77
020911609,839,154,18.36
020911610,853,167,19.58
020911611,851,146,17.16
020911612,810,192,23.7
020911613,551,131,23.77
020911701,844,115,13.63
020911702,496,63,12.7
020911703,1151,205,17.81
020911704,589,101,17.15
020911705,994,141,14.19
020911706,829,207,24.97
020911707,955,188,19.69
020911708,716,123,17.18
020911709,1162,214,18.42
020911710,1046,256,24.47
020911711,717,155,21.62
020911712,621,117,18.84
020911713,1101,181,16.44
020911801,1002,196,19.56
020911802,804,162,20.15
020911803,1082,206,19.04
020911804,832,183,22.0
020911805,797,158,19.82
020911806,704,169,24.01
020911807,850,189,22.24
020911808,793,204,25.73
020911809,465,134,28.82
020911810,784,189,24.11
020911901,821,199,24.24
020911902,973,213,21.89
020911903,740,172,23.24
020911904,655,169,25.8
020911905,815,233,28.59
020911906,509,110,21.61
020911907,615,123,20.0
020911908,704,168,23.86
020911909,657,150,22.83
020911910,1002,195,19.46
020911911,341,68,19.94
020911912,672,176,26.19
020912001,702,198,28.21
020912002,983,289,29.4
020912003,585,106,18.12
020912004,767,181,23.6
020912005,625,140,22.4
020912006,1059,240,22.66
020912007,858,186,21.68
020912008,963,178,18.48
020912009,683,124,18.16
020912010,655,145,22.14
020912011,669,164,24.51
020912012,784,168,21.43
020912101,664,176,26.51
020912102,387,101,26.1
020912103,634,185,29.18
020912104,812,229,28.2
020912105,842,200,23.75
020912106,946,245,25.9
020912107,1319,342,25.93
020912108,818,187,22.86
020912109,1212,238,19.64
020912110,887,292,32.92
020912201,1021,205,20.08
020912202,576,138,23.96
020912203,585,130,22.22
020912204,821,220,26.8
020912205,1160,294,25.34
020912206,1166,286,24.53
020912207,1126,283,25.13
020912208,1100,265,24.09
020912209,861,213,24.74
020912301,798,160,20.05
020912302,599,114,19.03
020912303,1289,271,21.02
020912304,656,139,21.19
020912305,599,118,19.7
020912306,916,234,25.55
020912307,552,130,23.55
020912308,1180,218,18.47
020912309,1132,260,22.97
020912310,524,108,20.61
020912311,923,213,23.08
020912312,507,112,22.09
020912401,546,131,23.99
020912402,620,129,20.81
020912403,724,182,25.14
020912404,811,215,26.51
020912405,672,159,23.66
020912406,821,136,16.57
020912407,783,171,21.84
020912408,888,224,25.23
020912409,972,183,18.83
020912410,774,113,14.6
020912501,569,136,23.9
020912502,656,140,21.34
020912503,833,160,19.21
020912504,759,131,17.26
020912505,517,89,17.21
020912506,721,132,18.31
020912507,1344,237,17.63
020912508,1104,178,16.12
020912601,1022,174,17.03
020912602,917,156,17.01
020912603,776,145,18.69
020912604,906,154,17.0
020912605,682,142,20.82
020912606,511,96,18.79
020912607,563,110,19.54
020912608,524,115,21.95
020912609,572,96,16.78
020912610,941,178,18.92
020912611,656,103,15.7
020912701,490,106,21.63
020912702,835,185,22.16
020912703,997,251,25.18
020912704,773,122,15.78
020912705,636,145,22.8
020912706,1138,221,19.42
020912707,381,72,18.9
020912708,724,172,23.76
020912709,883,194,21.97
020912710,436,75,17.2
020912711,567,129,22.75
020912801,737,108,14.65
020912802,492,105,21.34
020912803,711,150,21.1
020912804,607,106,17.46
020912805,706,132,18.7
020912806,909,183,20.13
020912807,923,164,17.77
020912808,1079,191,17.7
020912809,886,184,20.77
020912810,664,135,20.33
020912901,532,116,21.8
020912902,677,127,18.76
020912903,558,95,17.03
020912904,743,152,20.46
020912905,562,103,18.33
020912906,786,165,20.99
020912907,937,160,17.08
020912908,1155,190,16.45
020912909,661,172,26.02
020912910,478,124,25.94
020912911,720,113,15.69
020980101,479,112,23.38
020980102,359,75,20.89
020980103,786,183,23.28
020980104,916,218,23.8
020980105,1098,240,21.86
020980106,940,197,20.96
020980107,774,153,19.77
020980108,749,185,24.7
020980109,745,198,26.58
020980110,1162,308,26.51
020980201,1041,266,25.55
020980202,605,115,19.01
020980203,1127,265,23.51
020980204,678,134,19.76
020980205,880,173,19.66
020980206,647,119,18.39
020980207,664,160,24.1
020980208,870,203,23.33
020980209,971,271,27.91
020980210,1168,227,19.43
020980301,1469,350,23.83
020980302,558,112,20.07
020980303,718,110,15.32
020980304,821,175,21.32
020980305,1050,241,22.95
020980306,626,127,20.29
020980307,675,160,23.7
020980308,946,194,20.51
020980309,918,163,17.76
020980310,718,125,17.41
020980311,771,175,22.7
020980312,651,101,15.51
020980401,652,145,22.24
020980402,542,116,21.4
020980403,597,126,21.11
020980404,664,152,22.89
020980405,649,132,20.34
020980406,962,149,15.49
020980407,984,160,16.26
020980408,1270,258,20.31
020980409,906,158,17.44
020980410,1902,298,15.67
020980501,532,142,26.69
020980502,771,111,14.4
020980503,958,162,16.91
020980504,489,92,18.81
020980505,916,179,19.54
020980506,616,85,13.8
020980507,625,79,12.64
020980508,660,75,11.36
020980509,1216,183,15.05
020980510,1175,215,18.3
020980601,457,49,10.72
020980602,539,50,9.28
020980603,1109,162,14.61
020980604,963,149,15.47
020980605,813,139,17.1
020980606,1209,218,18.03
020980607,829,141,17.01
020980608,565,78,13.81
020980609,698,137,19.63
020980610,580,76,13.1
020980611,423,65,15.37
020980612,520,53,10.19
020980613,692,66,9.54
020980701,494,37,7.49
020980702,515,31,6.02
020980703,924,126,13.64
020980704,983,71,7.22
020980705,755,116,15.36
020980706,728,156,21.43
020980707,694,103,14.84
020980708,621,85,13.69
020980709,636,103,16.19
020980710,496,67,13.51
020980711,465,48,10.32
020980712,513,100,19.49
020980713,453,35,7.73
020980714,372,47,12.63
020980715,345,27,7.83
020980716,313,24,7.67
020980801,332,46,13.86
020980802,490,33,6.73
020980803,365,48,13.15
020980804,601,86,14.31
020980805,1227,183,14.91
020980806,1137,186,16.36
020980807,620,95,15.32
020980808,834,119,14.27
020980809,661,89,13.46
020980810,363,35,9.64
020980811,560,44,7.86
020980812,316,36,11.39
020980813,370,34,9.19
020980814,358,50,13.97
020980815,466,44,9.44
020980901,1080,85,7.87
020980902,796,73,9.17
020980903,642,103,16.04
020980904,1400,156,11.14
020980905,445,86,19.33
020980906,776,176,22.68
020980907,670,146,21.79
020980908,760,138,18.16
020980909,969,150,15.48
020980910,887,125,14.09
020980911,600,96,16.0
020980912,996,150,15.06
020980913,785,155,19.75
020980914,646,96,14.86
020980915,702,125,17.81
020980916,338,58,17.16
020981001,145,16,11.03
020981002,45,9,20.0
020981101,1167,185,15.85
020981102,411,79,19.22
020981103,882,167,18.93
020981104,827,211,25.51
020981105,975,200,20.51
020981106,910,222,24.4
020981107,719,103,14.33
020981108,1262,205,16.24
020981109,827,94,11.37
020981110,470,76,16.17
020981111,585,106,18.12
020981112,883,121,13.7
020981113,293,79,26.96
020981114,541,165,30.5
020981115,539,87,16.14
020981116,364,50,13.74
020981117,396,73,18.43
020981201,646,105,16.25
020981202,785,122,15.54
020981203,748,104,13.9
020981204,848,145,17.1
020981205,1013,182,17.97
020981206,754,141,18.7
020981207,387,79,20.41
020981208,446,85,19.06
020981209,529,93,17.58
020981210,897,179,19.96
020981211,569,111,19.51
020981212,340,43,12.65
020981301,703,110,15.65
020981302,701,117,16.69
020981303,1073,133,12.4
020981304,550,101,18.36
020981305,688,102,14.83
020981306,586,106,18.09
020981307,168,40,23.81
020981308,573,82,14.31
020981309,607,109,17.96
020981310,616,100,16.23
020981311,554,93,16.79
020981312,557,129,23.16
020981401,791,125,15.8
020981402,688,95,13.81
020981403,1085,214,19.72
020981404,380,84,22.11
020981405,447,103,23.04
020981406,405,87,21.48
020981407,277,44,15.88
020981408,952,165,17.33
020981409,932,130,13.95
020981410,678,157,23.16
020981411,849,182,21.44
020981501,885,136,15.37
020981502,1113,200,17.97
020981503,799,146,18.27
020981504,938,204,21.75
020981505,1005,182,18.11
020981506,1043,138,13.23
020981507,703,126,17.92
020981508,1608,397,24.69
020981601,1319,351,26.61
020981602,966,176,18.22
020981603,1371,375,27.35
020981604,1413,300,21.23
020981605,933,250,26.8
020981606,390,119,30.51
020981607,381,78,20.47
020981701,974,310,31.83
020981702,791,137,17.32
020981703,902,191,21.18
020981704,447,63,14.09
020981705,878,178,20.27
020981706,966,222,22.98
020981707,804,171,21.27
020981708,1469,331,22.53
020981801,736,159,21.6
020981802,803,171,21.3
020981803,1026,284,27.68
020981804,852,241,28.29
020981805,1262,285,22.58
020981806,838,182,21.72
020981807,616,174,28.25
020981808,848,205,24.17
020981901,575,117,20.35
020981902,1016,159,15.65
020981903,1365,250,18.32
020981904,1349,229,16.98
020981905,1284,305,23.75
020982001,1250,285,22.8
020982002,1662,359,21.6
020982003,1052,239,22.72
020982004,854,167,19.56
020982005,743,147,19.78
020982006,673,122,18.13
020982007,524,85,16.22
020982101,971,175,18.02
020982102,472,82,17.37
020982103,353,82,23.23
020982104,639,80,12.52
020982105,332,70,21.08
020982106,808,115,14.23
020982107,657,110,16.74
020982108,808,180,22.28
020982109,713,114,15.99
020982110,665,101,15.19
020982111,894,135,15.1
020982201,787,144,18.3
020982202,952,143,15.02
020982203,556,99,17.81
020982204,616,148,24.03
020982205,967,168,17.37
020982206,802,159,19.83
020982207,657,103,15.68
020982208,811,139,17.14
020982209,399,59,14.79
020982210,377,58,15.38
020982211,730,85,11.64
020982212,709,87,12.27
020982301,984,180,18.29
020982302,636,141,22.17
020982303,753,133,17.66
020982304,923,181,19.61
020982305,1346,189,14.04
020982306,426,70,16.43
020982307,690,101,14.64
020982308,704,86,12.22
020982309,670,106,15.82
020982310,671,70,10.43
020982311,1104,172,15.58
020982312,789,80,10.14
020982313,808,83,10.27
020982314,508,60,11.81
020982401,663,75,11.31
020982402,503,84,16.7
020982403,676,182,26.92
020982404,580,114,19.66
020982405,904,147,16.26
020982406,720,128,17.78
020982407,721,139,19.28
020982408,682,146,21.41
020982409,750,150,20.0
020982501,1064,172,16.17
020982502,681,109,16.01
020982503,805,164,20.37
020982504,605,90,14.88
020982505,778,117,15.04
020982506,817,95,11.63
020982507,944,195,20.66
020982508,1064,194,18.23
020982509,879,152,17.29
020982601,1083,231,21.33
020982602,709,136,19.18
020982603,365,81,22.19
020982604,1642,348,21.19
020982605,845,198,23.43
020982606,849,177,20.85
020982607,1065,272,25.54
020982701,1373,297,21.63
020982702,1111,181,16.29
020982703,614,125,20.36
020982704,1134,278,24.51
020982705,1138,228,20.04
020982706,532,119,22.37
020982707,297,63,21.21
020982801,723,186,25.73
020982802,624,142,22.76
020982803,616,140,22.73
020982804,672,163,24.26
020982805,630,149,23.65
020982806,1089,240,22.04
020982807,812,179,22.04
020982808,574,116,20.21
020982809,620,121,19.52
020982810,983,234,23.8
020982811,1248,369,29.57
020982812,652,168,25.77
020982901,673,153,22.73
020982902,599,102,17.03
020982903,693,129,18.61
020982904,839,165,19.67
020982905,634,116,18.3
020982906,962,192,19.96
020982907,762,148,19.42
020982908,698,190,27.22
020982909,939,242,25.77
020982910,853,187,21.92
020982911,801,151,18.85
020983001,866,216,24.94
020983002,988,233,23.58
020983003,866,208,24.02
020983004,751,200,26.63
020983005,866,239,27.6
020983006,493,133,26.98
020983007,551,88,15.97
020983008,1713,493,28.78
020983009,1015,260,25.62
020983101,693,161,23.23
020983102,742,181,24.39
020983103,768,157,20.44
020983104,733,173,23.6
020983105,661,144,21.79
020983106,1008,256,25.4
020983107,820,239,29.15
020983108,627,162,25.84
020983109,559,155,27.73
020983110,528,159,30.11
020983111,418,118,28.23
020983112,559,139,24.87
021050101,1100,181,16.45
021050102,985,184,18.68
021050103,792,144,18.18
021050104,598,125,20.9
021050105,771,146,18.94
021050106,714,118,16.53
021050107,731,132,18.06
021050108,742,118,15.9
021050109,848,130,15.33
021050110,955,196,20.52
021050111,602,92,15.28
021050112,756,154,20.37
021050201,619,116,18.74
021050202,785,164,20.89
021050203,836,172,20.57
021050204,477,111,23.27
021050205,487,106,21.77
021050206,656,118,17.99
021050207,648,126,19.44
021050208,630,115,18.25
021050209,697,154,22.09
021050210,713,119,16.69
021050301,769,138,17.95
021050302,916,155,16.92
021050303,580,109,18.79
021050304,837,87,10.39
021050305,735,100,13.61
021050306,642,166,25.86
021050307,707,160,22.63
021050308,848,196,23.11
021050309,889,167,18.79
021050310,822,156,18.98
021050311,676,126,18.64
021050312,1113,173,15.54
021050313,701,139,19.83
021050401,1055,169,16.02
021050402,960,128,13.33
021050403,851,174,20.45
021050404,789,130,16.48
021050405,735,92,12.52
021050406,1169,182,15.57
021050407,925,131,14.16
021050408,741,148,19.97
021050409,786,118,15.01
021050410,780,128,16.41
021050411,955,96,10.05
021050412,934,140,14.99
021050413,775,150,19.35
021050414,780,121,15.51
021050501,659,155,23.52
021050502,1059,228,21.53
021050503,761,160,21.02
021050504,727,93,12.79
021050505,1075,168,15.63
021050506,1118,148,13.24
021050507,1063,195,18.34
021050508,1136,173,15.23
021050509,697,116,16.64
021050510,751,100,13.32
021050511,764,132,17.28
021050512,957,137,14.32
021050513,960,162,16.88
021050514,480,93,19.38
021050601,658,117,17.78
021050602,575,138,24.0
021050603,601,110,18.3
021050604,599,121,20.2
021050605,572,99,17.31
021050606,504,111,22.02
021050607,647,128,19.78
021050701,840,132,15.71
021050702,659,100,15.17
021050703,659,130,19.73
021050704,584,76,13.01
021050705,915,140,15.3
021050706,458,69,15.07
021050707,966,177,18.32
021050708,1001,170,16.98
021050709,808,147,18.19
021050710,1098,184,16.76
021050711,944,174,18.43
021050712,848,188,22.17
021050713,2505,72,2.87
021050801,912,155,17.0
021050802,462,58,12.55
021050803,1094,177,16.18
021050804,816,114,13.97
021050805,685,118,17.23
021050806,819,113,13.8
021050807,816,170,20.83
021050808,720,134,18.61
021050809,1422,219,15.4
021050810,1061,193,18.19
021050901,670,103,15.37
021050902,504,108,21.43
021050903,700,103,14.71
021050904,744,87,11.69
021050905,701,126,17.97
021050906,487,64,13.14
021050907,612,75,12.25
021050908,990,45,4.55
021050909,1306,101,7.73
021050910,1159,59,5.09
021050911,772,51,6.61
021051001,863,139,16.11
021051002,882,140,15.87
021051003,1044,155,14.85
021051004,903,172,19.05
021051005,907,133,14.66
021051006,594,88,14.81
021051007,882,101,11.45
021051008,772,123,15.93
021051009,1086,110,10.13
021051010,717,96,13.39
021051011,595,115,19.33
021051012,733,143,19.51
021051013,835,123,14.73
021051101,527,67,12.71
021051102,634,83,13.09
021051103,745,129,17.32
021051104,1140,148,12.98
021051105,790,90,11.39
021051106,722,89,12.33
021051107,695,103,14.82
021051108,745,149,20.0
021051109,999,140,14.01
021051110,628,96,15.29
021051111,891,89,9.99
021051112,929,118,12.7
021051113,895,150,16.76
021051114,454,62,13.66
021051115,407,29,7.13
021051116,662,65,9.82
021051201,799,101,12.64
021051202,723,101,13.97
021051203,723,112,15.49
021051204,1145,137,11.97
021051205,856,124,14.49
021051206,748,124,16.58
021051207,536,117,21.83
021051208,507,71,14.0
021051209,604,131,21.69
021051210,567,61,10.76
021051301,805,134,16.65
021051302,435,73,16.78
021051303,692,113,16.33
021051304,552,89,16.12
021051305,653,89,13.63
021051306,862,112,12.99
021051307,732,141,19.26
021051308,513,90,17.54
021051309,1129,221,19.57
021051310,869,137,15.77
021051401,887,145,16.35
021051402,924,167,18.07
021051403,653,131,20.06
021051404,937,167,17.82
021051405,1132,164,14.49
021051406,573,121,21.12
021051407,869,138,15.88
021051408,1108,144,13.0
021051409,798,144,18.05
021051410,691,113,16.35
021051411,992,172,17.34
021051501,665,142,21.35
021051502,677,107,15.81
021051503,907,210,23.15
021051504,1177,177,15.04
021051505,827,137,16.57
021051506,1004,141,14.04
021051507,829,136,16.41
021051508,743,124,16.69
021051509,1289,171,13.27
021051510,973,178,18.29
021051601,983,133,13.53
021051602,848,124,14.62
021051603,960,151,15.73
021051604,706,125,17.71
021051605,527,90,17.08
021051606,891,152,17.06
021051607,814,147,18.06
021051608,871,169,19.4
021051609,650,160,24.62
021051610,1091,175,16.04
021051611,570,131,22.98
021051701,716,112,15.64
021051702,707,127,17.96
021051703,810,172,21.23
021051704,751,133,17.71
021051705,843,168,19.93
021051706,626,131,20.93
021051707,744,172,23.12
021051708,581,110,18.93
021051709,628,117,18.63
021051710,891,151,16.95
021051711,784,154,19.64
021051712,672,153,22.77
021051801,539,97,18.0
021051802,471,100,21.23
021051803,976,169,17.32
021051804,561,101,18.0
021051805,632,146,23.1
021051806,595,120,20.17
021051807,719,137,19.05
021051808,541,109,20.15
021051809,632,112,17.72
021051810,521,97,18.62
021051811,689,124,18.0
021051812,690,134,19.42
021051813,595,145,24.37
021051901,574,118,20.56
021051902,881,146,16.57
021051903,700,126,18.0
021051904,847,137,16.17
021051905,1040,182,17.5
021051906,904,178,19.69
021051907,842,157,18.65
021051908,680,141,20.74
021051909,766,160,20.89
021051910,877,196,22.35
021051911,628,97,15.45
021052001,1159,184,15.88
021052002,920,189,20.54
021052003,828,160,19.32
021052004,712,167,23.46
021052005,647,116,17.93
021052006,686,135,19.68
021052007,789,150,19.01
021052008,503,91,18.09
021052009,421,65,15.44
021052010,729,104,14.27
021052011,750,108,14.4
021052012,643,138,21.46
021052101,1002,146,14.57
021052102,1036,143,13.8
021052103,678,117,17.26
021052104,790,138,17.47
021052105,624,79,12.66
021052106,1529,233,15.24
021052107,577,90,15.6
021052108,732,132,18.03
021052109,1199,212,17.68
021052110,981,163,16.62
021052111,868,137,15.78
021052112,611,92,15.06
021052113,794,133,16.75
