cod_radio,pob_total,pob_infantil,pct_infantil
020070101,244,61,25.0
020070201,620,178,28.71
020070202,483,153,31.68
020070203,290,98,33.79
020070204,577,142,24.61
020070205,673,208,30.91
020070207,862,213,24.71
020070208,645,168,26.05
020070209,464,125,26.94
020070210,375,85,22.67
020070211,627,152,24.24
020070212,1136,299,26.32
020070213,461,93,20.17
020070214,556,111,19.96
020070215,712,173,24.3
020070216,358,72,20.11
020070217,670,150,22.39
020070218,545,132,24.22
020070219,343,76,22.16
020070220,325,78,24.0
020070221,1136,384,33.8
020070222,936,285,30.45
020070223,965,340,35.23
020070301,451,170,37.69
020070302,1463,433,29.6
020070303,405,136,33.58
020070304,443,140,31.6
020070305,975,286,29.33
020070306,376,106,28.19
020070307,960,322,33.54
020070308,903,276,30.56
020070309,560,175,31.25
020070310,1374,428,31.15
020070311,658,199,30.24
020070312,683,181,26.5
020070313,528,146,27.65
020070314,585,186,31.79
020070315,781,251,32.14
020070316,374,123,32.89
020070317,547,173,31.63
020070318,293,79,26.96
020070319,364,108,29.67
020070401,866,87,10.05
020070402,1093,130,11.89
020070403,551,65,11.8
020070404,714,114,15.97
020070405,364,43,11.81
020070406,695,112,16.12
020070407,678,70,10.32
020070408,708,99,13.98
020070501,755,122,16.16
020070502,541,74,13.68
020070503,1001,111,11.09
020070504,1014,154,15.19
020070505,535,101,18.88
020070506,876,101,11.53
020070507,673,71,10.55
020070601,863,107,12.4
020070602,667,89,13.34
020070603,1002,100,9.98
020070604,837,76,9.08
020070605,421,41,9.74
020070606,550,62,11.27
020070607,533,80,15.01
020070608,538,70,13.01
020070609,1182,158,13.37
020070610,597,61,10.22
020070701,779,90,11.55
020070702,280,29,10.36
020070703,262,19,7.25
020070704,353,28,7.93
020070705,404,31,7.67
020070706,343,33,9.62
020070707,733,66,9.0
020070708,567,50,8.82
020070709,492,41,8.33
020070710,627,51,8.13
020070711,347,30,8.65
020070712,481,51,10.6
020070713,282,25,8.87
020070801,498,51,10.24
020070802,1106,111,10.04
020070803,746,70,9.38
020070804,555,52,9.37
020070805,440,33,7.5
020070806,1104,130,11.78
020070807,1222,153,12.52
020070808,589,95,16.13
020070809,463,52,11.23
020070810,331,29,8.76
020070811,301,28,9.3
020070901,529,58,10.96
020070902,631,63,9.98
020070903,520,77,14.81
020070904,517,61,11.8
020070905,592,62,10.47
020070906,711,77,10.83
020070907,864,89,10.3
020070908,607,63,10.38
020070909,1003,139,13.86
020070910,521,61,11.71
020070911,402,57,14.18
020070912,304,30,9.87
020070913,791,195,24.65
020070914,519,62,11.95
020070915,380,52,13.68
020070916,554,90,16.25
020070917,245,20,8.16
020070918,444,52,11.71
020070919,260,25,9.62
020070920,637,78,12.24
020070921,369,43,11.65
020071001,409,60,14.67
020071002,696,78,11.21
020071003,893,112,12.54
020071004,610,72,11.8
020071005,590,68,11.53
020071006,949,128,13.49
020071007,451,47,10.42
020071008,528,68,12.88
020071009,635,79,12.44
020071010,893,114,12.77
020071011,873,92,10.54
020071012,681,75,11.01
020071013,624,63,10.1
020071014,399,53,13.28
020071015,296,20,6.76
020071016,328,27,8.23
020071101,503,32,6.36
020071102,713,70,9.82
020071103,425,52,12.24
020071104,755,90,11.92
020071105,575,72,12.52
020071106,474,47,9.92
020071107,623,50,8.03
020071108,729,78,10.7
020071109,469,51,10.87
020071110,541,59,10.91
020071111,370,41,11.08
020071112,424,33,7.78
020071113,531,48,9.04
020071114,658,90,13.68
020071115,616,77,12.5
020071201,337,47,13.95
020071202,430,49,11.4
020071203,296,32,10.81
020071204,473,55,11.63
020071205,499,50,10.02
020071206,601,69,11.48
020071207,1020,139,13.63
020071208,300,23,7.67
020071209,586,71,12.12
020071210,392,40,10.2
020071211,516,64,12.4
020071212,412,46,11.17
020071213,379,24,6.33
020071214,519,64,12.33
020071301,567,83,14.64
020071302,226,38,16.81
020071303,323,31,9.6
020071304,621,103,16.59
020071305,558,65,11.65
020071306,422,64,15.17
020071307,1068,178,16.67
020071308,493,61,12.37
020071309,562,92,16.37
020071310,1122,192,17.11
020071311,439,65,14.81
020071312,539,64,11.87
020071313,291,46,15.81
020071314,650,96,14.77
020071315,659,89,13.51
020071316,998,232,23.25
020071317,720,195,27.08
020071318,677,200,29.54
020071401,629,73,11.61
020071402,821,131,15.96
020071403,369,40,10.84
020071404,344,41,11.92
020071405,737,89,12.08
020071406,664,85,12.8
020071407,657,88,13.39
020071408,449,63,14.03
020071409,502,63,12.55
020071410,474,54,11.39
020071411,350,32,9.14
020071412,428,51,11.92
020071501,774,99,12.79
020071502,781,77,9.86
020071503,586,68,11.6
020071504,1007,103,10.23
020071505,554,58,10.47
020071506,609,61,10.02
020071507,587,61,10.39
020071508,838,165,19.69
020071509,992,129,13.0
020071510,739,105,14.21
020071511,594,60,10.1
020071601,558,57,10.22
020071602,368,39,10.6
020071603,738,79,10.7
020071604,588,57,9.69
020071605,330,42,12.73
020071606,495,92,18.59
020071607,1010,141,13.96
020071608,485,58,11.96
020071609,319,29,9.09
020071610,549,56,10.2
020071611,381,55,14.44
020071612,334,47,14.07
020071701,1005,132,13.13
020071702,448,54,12.05
020071703,657,49,7.46
020071704,578,60,10.38
020071705,615,56,9.11
020071706,956,87,9.1
020071707,668,81,12.13
020071708,691,104,15.05
020071709,446,52,11.66
020071710,627,78,12.44
020071711,451,46,10.2
020071801,1102,115,10.44
020071802,832,92,11.06
020071803,708,114,16.1
020071804,1181,149,12.62
020071805,767,92,11.99
020071806,985,147,14.92
020071807,636,80,12.58
020071808,696,89,12.79
020071809,846,103,12.17
020071901,990,145,14.65
020071902,1003,116,11.57
020071903,353,60,17.0
020071904,780,85,10.9
020071905,442,50,11.31
020071906,601,66,10.98
020071907,738,71,9.62
020071908,424,57,13.44
020071909,569,89,15.64
020072001,557,75,13.46
020072002,783,120,15.33
020072003,736,120,16.3
020072004,724,110,15.19
020072005,776,91,11.73
020072006,585,75,12.82
020072007,503,57,11.33
020072008,657,69,10.5
020072009,656,94,14.33
020072010,884,165,18.67
020072101,472,68,14.41
020072102,762,108,14.17
020072103,680,71,10.44
020072104,1114,152,13.64
020072105,777,118,15.19
020072106,631,87,13.79
020072107,772,113,14.64
020072108,503,68,13.52
020072109,676,76,11.24
020072110,841,105,12.49
020072201,806,97,12.03
020072202,819,105,12.82
020072203,833,128,15.37
020072204,474,58,12.24
020072205,473,63,13.32
020072206,588,71,12.07
020072207,621,81,13.04
020072208,698,99,14.18
020072209,979,97,9.91
020072210,1514,229,15.13
020072301,705,100,14.18
020072302,516,67,12.98
020072303,761,67,8.8
020072304,298,41,13.76
020072305,513,61,11.89
020072306,506,49,9.68
020072307,495,91,18.38
020072308,589,77,13.07
020072309,838,79,9.43
020072310,256,30,11.72
020072401,268,31,11.57
020072402,608,59,9.7
020072403,515,66,12.82
020072404,392,61,15.56
020072405,349,41,11.75
020072406,865,82,9.48
020072407,941,133,14.13
020072408,493,88,17.85
020072501,446,57,12.78
020072502,458,47,10.26
020072503,454,49,10.79
020072504,830,105,12.65
020072505,605,69,11.4
020072506,582,72,12.37
020072507,421,42,9.98
020072508,668,63,9.43
020072509,442,48,10.86
020072510,484,69,14.26
020072511,488,51,10.45
020072601,339,49,14.45
020072602,627,84,13.4
020072603,499,58,11.62
020072604,548,56,10.22
020072605,1047,109,10.41
020072606,378,49,12.96
020072607,620,90,14.52
020072608,552,61,11.05
020072609,799,95,11.89
020072701,388,52,13.4
020072702,705,118,16.74
020072703,636,114,17.92
020072704,556,75,13.49
020072705,552,92,16.67
020072706,675,116,17.19
020072707,647,121,18.7
020072708,951,146,15.35
020072709,686,101,14.72
020072710,468,47,10.04
020072801,353,47,13.31
020072802,626,102,16.29
020072803,543,92,16.94
020072804,553,62,11.21
020072805,776,125,16.11
020072806,761,139,18.27
020072807,550,62,11.27
020072808,230,28,12.17
020072809,942,161,17.09
020072810,974,178,18.28
020072811,788,152,19.29
020072812,541,100,18.48
020072813,667,93,13.94
020072901,1148,229,19.95
020072902,703,125,17.78
020072903,760,154,20.26
020072904,730,102,13.97
020072905,951,97,10.2
020072906,866,148,17.09
020072907,630,85,13.49
020072908,658,112,17.02
020072909,930,157,16.88
020073001,799,212,26.53
020073002,805,205,25.47
020073003,474,144,30.38
020073004,518,154,29.73
020073005,292,97,33.22
020073006,718,224,31.2
020073007,755,228,30.2
020073008,731,240,32.83
020073009,564,178,31.56
020073010,683,186,27.23
020073011,814,236,28.99
020073012,1012,298,29.45
020073013,727,257,35.35
020140101,57,13,22.81
020140102,497,123,24.75
020140201,691,83,12.01
020140202,945,108,11.43
020140203,606,75,12.38
020140204,600,93,15.5
020140205,664,71,10.69
020140206,473,66,13.95
020140207,312,18,5.77
020140208,731,96,13.13
020140301,932,82,8.8
020140302,836,69,8.25
020140303,343,44,12.83
020140304,383,28,7.31
020140305,742,98,13.21
020140306,908,65,7.16
020140307,850,96,11.29
020140308,687,90,13.1
020140401,880,126,14.32
020140402,293,27,9.22
020140403,427,47,11.01
020140404,550,63,11.45
020140405,771,80,10.38
020140406,518,61,11.78
020140407,607,76,12.52
020140408,890,100,11.24
020140409,714,96,13.45
020140410,1020,111,10.88
020140501,685,85,12.41
020140502,851,106,12.46
020140503,662,81,12.24
020140504,658,77,11.7
020140505,922,111,12.04
020140506,864,95,11.0
020140507,920,122,13.26
020140508,629,87,13.83
020140509,463,40,8.64
020140601,581,88,15.15
020140602,1281,147,11.48
020140603,562,104,18.51
020140604,834,108,12.95
020140605,523,68,13.0
020140606,750,106,14.13
020140607,415,51,12.29
020140608,549,71,12.93
020140609,526,40,7.6
020140610,483,60,12.42
020140701,1407,156,11.09
020140702,966,103,10.66
020140703,1002,135,13.47
020140704,771,84,10.89
020140705,597,78,13.07
020140706,716,83,11.59
020140707,1070,155,14.49
020140708,455,56,12.31
020140709,647,60,9.27
020140801,647,66,10.2
020140802,856,100,11.68
020140803,1060,112,10.57
020140804,1209,175,14.47
020140805,1083,120,11.08
020140806,1225,141,11.51
020140807,2251,230,10.22
020140808,954,93,9.75
020140901,659,61,9.26
020140902,761,82,10.78
020140903,880,75,8.52
020140904,1038,124,11.95
020140905,1109,129,11.63
020140906,994,113,11.37
020140907,856,95,11.1
020140908,1452,178,12.26
020140909,1236,150,12.14
020141001,1000,96,9.6
020141002,607,46,7.58
020141003,585,65,11.11
020141004,915,90,9.84
020141005,770,58,7.53
020141006,620,81,13.06
020141007,1082,107,9.89
020141008,865,76,8.79
020141009,623,62,9.95
020141101,1254,132,10.53
020141102,456,53,11.62
020141103,1359,141,10.38
020141104,1303,153,11.74
020141105,533,68,12.76
020141106,688,48,6.98
020141201,715,79,11.05
020141202,657,69,10.5
020141203,795,84,10.57
020141204,1231,92,7.47
020141205,1125,131,11.64
020141206,735,68,9.25
020141207,476,48,10.08
020141301,1203,110,9.14
020141302,856,92,10.75
020141303,1013,106,10.46
020141304,963,95,9.87
020141305,1016,131,12.89
020141306,714,79,11.06
020141307,1278,132,10.33
020141401,545,59,10.83
020141402,501,40,7.98
020141403,447,54,12.08
020141404,738,68,9.21
020141405,857,108,12.6
020141406,1210,157,12.98
020141407,880,103,11.7
020141408,841,90,10.7
020141409,1240,136,10.97
020141410,1111,119,10.71
020141501,607,71,11.7
020141502,759,94,12.38
020141503,1459,167,11.45
020141504,711,82,11.53
020141505,423,40,9.46
020141506,702,72,10.26
020141507,577,53,9.19
020141508,815,117,14.36
020141601,648,64,9.88
020141602,704,104,14.77
020141603,765,98,12.81
020141604,632,59,9.34
020141605,793,97,12.23
020141606,719,82,11.4
020141607,1006,118,11.73
020141608,650,86,13.23
020141701,1116,140,12.54
020141702,860,77,8.95
020141703,1069,150,14.03
020141704,402,23,5.72
020141705,788,76,9.64
020141706,1120,113,10.09
020141707,1080,102,9.44
020141708,869,77,8.86
020141709,659,67,10.17
020141801,971,93,9.58
020141802,1377,171,12.42
020141803,927,93,10.03
020141804,532,52,9.77
020141805,603,67,11.11
020141806,813,85,10.46
020141807,631,83,13.15
020141808,529,47,8.88
020141901,833,94,11.28
020141902,855,131,15.32
020141903,704,100,14.2
020141904,1126,136,12.08
020141905,686,79,11.52
020141906,683,42,6.15
020141907,713,73,10.24
020141908,836,71,8.49
020142001,847,121,14.29
020142002,947,104,10.98
020142003,944,91,9.64
020142004,591,66,11.17
020142005,812,100,12.32
020142006,823,97,11.79
020142007,952,152,15.97
020142008,708,87,12.29
020142009,510,83,16.27
020142101,1016,133,13.09
020142102,1100,108,9.82
020142103,802,75,9.35
020142104,1069,95,8.89
020142105,915,66,7.21
020142106,824,75,9.1
020142201,697,59,8.46
020142202,689,91,13.21
020142203,683,95,13.91
020142204,854,83,9.72
020142205,1061,101,9.52
020142206,1018,61,5.99
020142301,652,78,11.96
020142302,775,92,11.87
020142303,901,86,9.54
020142304,759,74,9.75
020142305,551,70,12.7
020142306,249,34,13.65
020142307,424,42,9.91
020142308,340,37,10.88
020142309,866,77,8.89
020142401,959,106,11.05
020142402,604,59,9.77
020142403,839,94,11.2
020142404,946,109,11.52
020142405,1087,124,11.41
020142406,1048,101,9.64
020142501,656,69,10.52
020142502,837,99,11.83
020142503,317,36,11.36
020142504,725,72,9.93
020142505,692,66,9.54
020142506,600,31,5.17
020142507,712,61,8.57
020142508,662,71,10.73
020142509,901,98,10.88
020142510,487,41,8.42
020142511,451,37,8.2
020142512,646,94,14.55
020142513,516,48,9.3
020210101,634,92,14.51
020210102,876,122,13.93
020210103,861,154,17.89
020210104,445,57,12.81
020210105,843,148,17.56
020210106,641,107,16.69
020210107,592,93,15.71
020210108,416,37,8.89
020210109,772,95,12.31
020210110,329,35,10.64
020210111,569,78,13.71
020210112,466,37,7.94
020210201,875,178,20.34
020210202,628,79,12.58
020210203,417,51,12.23
020210204,673,128,19.02
020210205,1016,178,17.52
020210206,690,114,16.52
020210207,938,172,18.34
020210208,1087,183,16.84
020210209,891,172,19.3
020210210,425,70,16.47
020210211,605,86,14.21
020210212,857,138,16.1
020210301,1154,220,19.06
020210302,1019,159,15.6
020210303,934,164,17.56
020210304,659,137,20.79
020210305,789,136,17.24
020210306,823,171,20.78
020210307,889,173,19.46
020210308,933,167,17.9
020210309,504,88,17.46
020210310,676,108,15.98
020210311,823,143,17.38
020210401,822,113,13.75
020210402,625,100,16.0
020210403,704,75,10.65
020210404,893,119,13.33
020210405,657,88,13.39
020210406,868,135,15.55
020210407,694,96,13.83
020210408,486,74,15.23
020210501,833,88,10.56
020210502,710,109,15.35
020210503,1088,122,11.21
020210504,541,64,11.83
020210505,772,92,11.92
020210506,423,42,9.93
020210507,850,84,9.88
020210601,1022,99,9.69
020210602,686,96,13.99
020210603,765,82,10.72
020210604,697,50,7.17
020210605,810,119,14.69
020210606,588,70,11.9
020210607,699,77,11.02
020210701,361,55,15.24
020210702,948,104,10.97
020210703,1061,142,13.38
020210704,962,94,9.77
020210705,651,75,11.52
020210706,638,72,11.29
020210707,1162,139,11.96
020210708,441,31,7.03
020210709,987,129,13.07
020210801,815,111,13.62
020210802,581,101,17.38
020210803,908,113,12.44
020210804,563,102,18.12
020210805,516,71,13.76
020210806,482,66,13.69
020210807,567,96,16.93
020210808,569,82,14.41
020210809,737,119,16.15
020210810,512,71,13.87
020210901,838,95,11.34
020210902,674,122,18.1
020210903,1121,170,15.17
020210904,1085,190,17.51
020210905,688,150,21.8
020210906,630,94,14.92
020210907,669,85,12.71
020210908,714,118,16.53
020210909,1054,142,13.47
020210910,928,138,14.87
020211001,872,127,14.56
020211002,827,108,13.06
020211003,582,100,17.18
020211004,709,90,12.69
020211005,590,79,13.39
020211006,743,141,18.98
020211007,736,97,13.18
020211008,779,101,12.97
020211009,148,21,14.19
020211101,781,88,11.27
020211102,864,101,11.69
020211103,663,86,12.97
020211104,814,99,12.16
020211105,746,98,13.14
020211106,1094,120,10.97
020211107,637,57,8.95
020211108,799,93,11.64
020211201,856,113,13.2
020211202,1134,146,12.87
020211203,564,64,11.35
020211204,523,55,10.52
020211205,1065,122,11.46
020211206,286,23,8.04
020211207,989,118,11.93
020211208,866,127,14.67
020211209,472,53,11.23
020211210,804,136,16.92
020211301,805,133,16.52
020211302,778,101,12.98
020211303,908,121,13.33
020211304,560,71,12.68
020211305,717,91,12.69
020211306,727,91,12.52
020211307,488,45,9.22
020211308,636,98,15.41
020211309,776,104,13.4
020211310,543,81,14.92
020211311,663,92,13.88
020211401,1001,136,13.59
020211402,1015,129,12.71
020211403,1051,149,14.18
020211404,796,107,13.44
020211405,735,90,12.24
020211406,948,92,9.7
020211407,582,61,10.48
020211408,868,119,13.71
020211409,710,77,10.85
020211501,701,88,12.55
020211502,962,131,13.62
020211503,599,70,11.69
020211504,707,92,13.01
020211505,654,81,12.39
020211506,766,80,10.44
020211507,1084,130,11.99
020211508,1176,133,11.31
020211509,331,39,11.78
020211601,775,92,11.87
020211602,931,141,15.15
020211603,853,113,13.25
020211604,486,62,12.76
020211605,542,93,17.16
020211606,686,109,15.89
020211607,780,95,12.18
020211608,596,99,16.61
020211609,1313,204,15.54
020211701,520,62,11.92
020211702,752,105,13.96
020211703,595,87,14.62
020211704,737,114,15.47
020211705,685,104,15.18
020211706,699,98,14.02
020211707,775,89,11.48
020211708,765,108,14.12
020211709,809,97,11.99
020211801,651,84,12.9
020211802,764,100,13.09
020211803,552,78,14.13
020211804,917,127,13.85
020211805,473,53,11.21
020211806,711,101,14.21
020211807,648,90,13.89
020211808,581,81,13.94
020211809,990,137,13.84
020211810,634,81,12.78
020211811,693,88,12.7
020211901,1357,201,14.81
020211902,388,51,13.14
020211903,769,103,13.39
020211904,744,105,14.11
020211905,857,132,15.4
020211906,803,111,13.82
020211907,1006,138,13.72
020211908,1275,196,15.37
020211909,738,94,12.74
020211910,550,63,11.45
020212001,741,89,12.01
020212002,771,81,10.51
020212003,684,104,15.2
020212004,582,72,12.37
020212005,571,87,15.24
020212006,572,90,15.73
020212007,1042,151,14.49
020212008,828,93,11.23
020212009,1054,144,13.66
020212010,672,90,13.39
020212011,668,72,10.78
020212101,837,98,11.71
020212102,892,112,12.56
020212103,766,99,12.92
020212104,904,114,12.61
020212105,463,75,16.2
020212106,716,68,9.5
020212107,516,80,15.5
020212108,752,100,13.3
020212109,526,80,15.21
020212110,1023,201,19.65
020212201,961,131,13.63
020212202,608,83,13.65
020212203,364,49,13.46
020212204,584,73,12.5
020212205,920,105,11.41
020212206,543,82,15.1
020212207,835,124,14.85
020212208,917,116,12.65
020212209,903,155,17.17
020212301,940,127,13.51
020212302,661,86,13.01
020212303,842,124,14.73
020212304,406,58,14.29
020212305,655,85,12.98
020212306,602,79,13.12
020212307,640,99,15.47
020212308,854,176,20.61
020212309,882,148,16.78
020212310,824,151,18.33
020212401,664,79,11.9
020212402,1058,143,13.52
020212403,815,88,10.8
020212404,930,162,17.42
020212405,611,82,13.42
020212406,1053,150,14.25
020212407,964,126,13.07
020212408,809,109,13.47
020212409,480,67,13.96
020212501,388,43,11.08
020212502,647,79,12.21
020212503,440,63,14.32
020212504,717,82,11.44
020212505,1450,271,18.69
020212506,1019,164,16.09
020212507,682,104,15.25
020212508,1487,179,12.04
020212509,772,74,9.59
020212510,666,101,15.17
020212601,798,111,13.91
020212602,949,129,13.59
020212603,806,143,17.74
020212604,735,128,17.41
020212605,800,89,11.12
020212606,464,54,11.64
020212607,742,102,13.75
020212608,570,77,13.51
020212609,617,90,14.59
020212701,955,143,14.97
020212702,1067,143,13.4
020212703,990,153,15.45
020212704,995,184,18.49
020212705,647,111,17.16
020212706,946,178,18.82
020212707,809,111,13.72
020280101,804,127,15.8
020280102,900,191,21.22
020280103,614,123,20.03
020280104,781,162,20.74
020280105,746,174,23.32
020280106,399,70,17.54
020280107,515,93,18.06
020280108,765,144,18.82
020280109,781,135,17.29
020280110,527,99,18.79
020280111,531,94,17.7
020280112,588,91,15.48
020280113,341,40,11.73
020280114,508,76,14.96
020280201,828,139,16.79
020280202,901,116,12.87
020280203,1154,223,19.32
020280204,835,146,17.49
020280205,633,128,20.22
020280206,732,113,15.44
020280207,1191,219,18.39
020280208,650,107,16.46
020280209,831,184,22.14
020280210,1260,287,22.78
020280301,838,146,17.42
020280302,871,136,15.61
020280303,547,85,15.54
020280304,827,136,16.44
020280305,957,119,12.43
020280306,783,97,12.39
020280307,671,94,14.01
020280308,745,96,12.89
020280309,489,72,14.72
020280310,896,151,16.85
020280311,869,138,15.88
020280312,977,173,17.71
020280313,1046,206,19.69
020280401,730,103,14.11
020280402,639,87,13.62
020280403,891,129,14.48
020280404,930,132,14.19
020280405,905,130,14.36
020280406,1153,177,15.35
020280407,877,153,17.45
020280408,917,132,14.39
020280409,572,72,12.59
020280410,677,117,17.28
020280411,1105,162,14.66
020280501,956,143,14.96
020280502,659,92,13.96
020280503,907,103,11.36
020280504,717,117,16.32
020280505,475,59,12.42
020280506,903,134,14.84
020280507,747,105,14.06
020280508,534,78,14.61
020280509,890,129,14.49
020280510,1020,172,16.86
020280511,1026,191,18.62
020280512,996,204,20.48
020280601,1133,226,19.95
020280602,669,85,12.71
020280603,918,140,15.25
020280604,1042,150,14.4
020280605,717,101,14.09
020280606,960,140,14.58
020280607,805,114,14.16
020280608,824,109,13.23
020280609,693,108,15.58
020280610,538,73,13.57
020280611,673,113,16.79
020280612,567,83,14.64
020280701,1104,154,13.95
020280702,768,97,12.63
020280703,841,142,16.88
020280704,2039,318,15.6
020280705,752,119,15.82
020280706,1003,175,17.45
020280707,723,102,14.11
020280708,753,86,11.42
020280709,839,122,14.54
020280710,693,95,13.71
020280711,669,104,15.55
020280712,662,93,14.05
020280801,729,90,12.35
020280802,1083,193,17.82
020280803,850,164,19.29
020280804,794,140,17.63
020280805,683,100,14.64
020280806,821,159,19.37
020280807,481,71,14.76
020280808,602,110,18.27
020280809,1027,151,14.7
020280810,722,132,18.28
020280811,1004,189,18.82
020280812,1646,309,18.77
020280901,1149,227,19.76
020280902,957,198,20.69
020280903,755,165,21.85
020280904,646,155,23.99
020280905,685,113,16.5
020280906,692,111,16.04
020280907,1569,416,26.51
020281001,808,248,30.69
020281002,733,169,23.06
020281003,401,108,26.93
020281004,591,155,26.23
020281005,1273,352,27.65
020281006,858,205,23.89
020281007,1121,285,25.42
020281008,1383,357,25.81
020281009,554,161,29.06
020281101,899,176,19.58
020281102,634,81,12.78
020281103,758,104,13.72
020281104,862,166,19.26
020281105,774,146,18.86
020281106,1016,198,19.49
020281107,1782,488,27.38
020281108,825,140,16.97
020281109,243,51,20.99
020281201,595,82,13.78
020281202,704,151,21.45
020281203,678,81,11.95
020281204,678,69,10.18
020281205,643,97,15.09
020281206,1095,219,20.0
020281207,861,165,19.16
020281208,471,68,14.44
020281209,765,100,13.07
020281210,876,152,17.35
020281211,590,75,12.71
020281212,779,118,15.15
020281301,1069,201,18.8
020281302,693,90,12.99
020281303,632,95,15.03
020281304,502,73,14.54
020281305,969,133,13.73
020281306,638,108,16.93
020281307,1093,197,18.02
020281308,405,47,11.6
020281309,417,50,11.99
020281310,526,81,15.4
020281311,1052,145,13.78
020281401,651,84,12.9
020281402,429,68,15.85
020281403,595,74,12.44
020281404,854,97,11.36
020281405,692,99,14.31
020281406,664,91,13.7
020281407,972,155,15.95
020281408,525,73,13.9
020281409,674,102,15.13
020281501,779,92,11.81
020281502,1280,150,11.72
020281503,1243,192,15.45
020281504,660,96,14.55
020281505,718,144,20.06
020281506,962,172,17.88
020281507,639,110,17.21
020281508,700,86,12.29
020281509,829,172,20.75
020281510,556,110,19.78
020281601,397,54,13.6
020281602,1714,235,13.71
020281603,851,109,12.81
020281604,592,89,15.03
020281605,643,74,11.51
020281606,690,93,13.48
020281607,425,75,17.65
020281608,1336,246,18.41
020281609,915,141,15.41
020281610,755,125,16.56
020281701,828,88,10.63
020281702,686,110,16.03
020281703,716,115,16.06
020281704,601,82,13.64
020281705,776,109,14.05
020281706,582,68,11.68
020281707,601,87,14.48
020281708,977,218,22.31
020281709,955,214,22.41
020281710,855,152,17.78
020281801,24,3,12.5
020281901,656,98,14.94
020281902,656,78,11.89
020281903,847,126,14.88
020281904,1091,238,21.81
020281905,679,101,14.87
020281906,1191,270,22.67
020281907,613,131,21.37
020281908,653,183,28.02
020281909,1140,330,28.95
020281910,712,127,17.84
020281911,1077,302,28.04
020282001,825,127,15.39
020282002,609,84,13.79
020282003,910,197,21.65
020282004,630,123,19.52
020282005,509,91,17.88
020282006,840,166,19.76
020282007,632,120,18.99
020282008,756,132,17.46
020282009,953,166,17.42
020282010,1044,202,19.35
020282011,1047,175,16.71
020282012,1265,195,15.42
020282101,710,130,18.31
020282102,668,153,22.9
020282103,657,154,23.44
020282104,642,112,17.45
020282105,620,94,15.16
020282106,668,109,16.32
020282107,805,162,20.12
020282108,887,170,19.17
020282109,658,143,21.73
020282110,803,182,22.67
020282111,791,172,21.74
020282112,623,112,17.98
020282113,419,63,15.04
020282201,586,97,16.55
020282202,779,129,16.56
020282203,853,127,14.89
020282204,1178,175,14.86
020282205,832,115,13.82
020282206,590,92,15.59
020282207,866,116,13.39
020282208,1061,153,14.42
020282209,682,126,18.48
020282210,557,84,15.08
020282211,738,112,15.18
020282212,621,102,16.43
020282301,1125,231,20.53
020282302,966,173,17.91
020282303,583,119,20.41
020282304,734,113,15.4
020282305,895,160,17.88
020282306,786,98,12.47
020282307,586,78,13.31
020282308,890,159,17.87
020282309,456,70,15.35
020282310,999,207,20.72
020282311,570,123,21.58
020282312,709,132,18.62
020282401,833,196,23.53
020282402,638,166,26.02
020282403,356,92,25.84
020282404,495,134,27.07
020282405,523,148,28.3
020282406,449,105,23.39
020282407,378,107,28.31
020282408,305,82,26.89
020282409,277,71,25.63
020282501,1063,315,29.63
020282502,1426,386,27.07
020282503,684,129,18.86
020282504,972,308,31.69
020282505,430,138,32.09
020282506,976,309,31.66
020282507,394,118,29.95
020282508,952,252,26.47
020282509,814,259,31.82
020282510,648,189,29.17
020282511,521,134,25.72
020282512,964,288,29.88
020282601,1303,404,31.01
020282602,1096,289,26.37
020282603,903,253,28.02
020282701,514,85,16.54
020282702,619,137,22.13
020282703,410,84,20.49
020282704,415,108,26.02
020282705,268,52,19.4
020282706,267,56,20.97
020282707,1143,285,24.93
020282801,428,109,25.47
020282802,766,185,24.15
020282803,428,103,24.07
020282804,754,227,30.11
020282805,561,171,30.48
020282806,1034,320,30.95
020282807,657,217,33.03
020282808,825,252,30.55
020282809,588,154,26.19
020282810,483,160,33.13
020282811,421,110,26.13
020282901,800,240,30.0
020282902,751,236,31.42
020282903,316,81,25.63
020282904,366,89,24.32
020282905,543,161,29.65
020282906,544,127,23.35
020282907,694,184,26.51
020282908,677,193,28.51
020350101,986,124,12.58
020350102,1102,166,15.06
020350103,927,111,11.97
020350104,539,47,8.72
020350105,784,119,15.18
020350106,634,78,12.3
020350107,650,73,11.23
020350108,891,125,14.03
020350109,788,86,10.91
020350110,704,80,11.36
020350111,534,69,12.92
020350112,568,87,15.32
020350201,837,89,10.63
020350202,624,70,11.22
020350203,806,73,9.06
020350204,1003,104,10.37
020350205,562,92,16.37
020350206,585,67,11.45
020350207,764,112,14.66
020350208,1124,199,17.7
020350209,819,133,16.24
020350210,683,75,10.98
020350211,852,104,12.21
020350301,853,109,12.78
020350302,550,54,9.82
020350303,589,76,12.9
020350304,720,82,11.39
020350305,760,84,11.05
020350306,922,126,13.67
020350307,883,85,9.63
020350308,405,71,17.53
020350309,593,50,8.43
020350310,661,85,12.86
020350311,856,107,12.5
020350312,739,103,13.94
020350313,715,73,10.21
020350401,1188,141,11.87
020350402,772,125,16.19
020350403,765,76,9.93
020350404,947,85,8.98
020350405,871,104,11.94
020350406,1134,131,11.55
020350407,674,70,10.39
020350408,1112,143,12.86
020350409,717,116,16.18
020350501,836,85,10.17
020350502,1254,140,11.16
020350503,742,95,12.8
020350504,756,73,9.66
020350505,684,75,10.96
020350506,653,81,12.4
020350507,909,83,9.13
020350508,723,79,10.93
020350601,660,72,10.91
020350602,979,134,13.69
020350603,908,125,13.77
020350604,1537,226,14.7
020350605,1275,160,12.55
020350606,769,93,12.09
020350607,992,112,11.29
020350608,869,105,12.08
020350701,1255,158,12.59
020350702,517,63,12.19
020350703,594,71,11.95
020350704,1542,194,12.58
020350705,1384,204,14.74
020350706,761,88,11.56
020350707,492,64,13.01
020350708,1071,145,13.54
020350801,1257,146,11.61
020350802,826,108,13.08
020350803,1402,205,14.62
020350804,869,101,11.62
020350805,503,65,12.92
020350806,1028,124,12.06
020350807,1085,138,12.72
020350808,991,123,12.41
020350809,783,106,13.54
020350901,1073,125,11.65
020350902,731,87,11.9
020350903,634,85,13.41
020350904,561,67,11.94
020350905,640,69,10.78
020350906,793,93,11.73
020350907,577,67,11.61
020350908,1052,144,13.69
020350909,899,122,13.57
020350910,932,157,16.85
020351001,1458,225,15.43
020351002,1298,191,14.71
020351003,841,105,12.49
020351004,575,70,12.17
020351005,288,42,14.58
020351006,826,107,12.95
020351007,1394,239,17.14
020351008,490,59,12.04
020351009,860,86,10.0
020351010,688,95,13.81
020351101,871,149,17.11
020351102,831,121,14.56
020351103,809,105,12.98
020351104,680,81,11.91
020351105,832,127,15.26
020351106,667,93,13.94
020351107,1312,149,11.36
020351108,850,124,14.59
020351109,916,134,14.63
020351110,733,79,10.78
020351111,762,86,11.29
020351201,899,125,13.9
020351202,1837,238,12.96
020351203,926,120,12.96
020351204,730,98,13.42
020351205,480,49,10.21
020351206,1686,194,11.51
020351207,643,88,13.69
020351301,846,112,13.24
020351302,761,74,9.72
020351303,737,84,11.4
020351304,667,81,12.14
020351305,811,124,15.29
020351306,975,152,15.59
020351307,823,111,13.49
020351308,776,77,9.92
020351309,1014,127,12.52
020351401,603,59,9.78
020351402,954,99,10.38
020351403,1251,153,12.23
020351404,959,109,11.37
020351405,1640,204,12.44
020351406,1215,140,11.52
020351407,468,70,14.96
020351408,807,120,14.87
020351409,924,116,12.55
020351501,935,97,10.37
020351502,1084,139,12.82
020351503,666,91,13.66
020351504,1153,160,13.88
020351505,1082,146,13.49
020351506,861,125,14.52
020351507,696,101,14.51
020351508,650,63,9.69
020351509,524,84,16.03
020351601,1091,134,12.28
020351602,681,88,12.92
020351603,520,84,16.15
020351604,1109,170,15.33
020351605,1046,155,14.82
020351606,792,80,10.1
020351607,724,98,13.54
020351608,1080,136,12.59
020351609,954,109,11.43
020351610,1244,147,11.82
020351611,769,99,12.87
020351612,451,71,15.74
020351701,821,88,10.72
020351702,809,117,14.46
020351703,663,96,14.48
020351704,845,124,14.67
020351705,783,82,10.47
020351706,839,102,12.16
020351707,845,109,12.9
020351708,1010,133,13.17
020351709,678,80,11.8
020351710,903,112,12.4
020351711,1058,118,11.15
020351801,1025,138,13.46
020351802,1008,142,14.09
020351803,1279,211,16.5
020351804,741,91,12.28
020351805,923,112,12.13
020351806,587,92,15.67
020351807,731,104,14.23
020351808,445,66,14.83
020351809,777,105,13.51
020351810,779,87,11.17
020351811,867,120,13.84
020351901,833,106,12.73
020351902,740,92,12.43
020351903,985,154,15.63
020351904,905,124,13.7
020351905,793,108,13.62
020351906,1000,141,14.1
020351907,490,80,16.33
020351908,961,109,11.34
020351909,607,85,14.0
020351910,921,135,14.66
020351911,1105,142,12.85
020352001,852,101,11.85
020352002,1245,155,12.45
020352003,1138,176,15.47
020352004,793,117,14.75
020352005,830,114,13.73
020352006,926,131,14.15
020352007,635,91,14.33
020352008,1031,163,15.81
020352009,842,123,14.61
020352010,1109,167,15.06
020352011,724,102,14.09
020352012,966,147,15.22
020352101,597,88,14.74
020352102,851,104,12.22
020352103,761,110,14.45
020352104,1117,135,12.09
020352105,705,97,13.76
020352106,836,116,13.88
020352107,839,119,14.18
020352108,558,66,11.83
020352109,587,77,13.12
020352110,597,80,13.4
020352111,719,112,15.58
020352112,688,99,14.39
020352201,747,104,13.92
020352202,904,133,14.71
020352203,802,87,10.85
020352204,1022,156,15.26
020352205,717,117,16.32
020352206,860,123,14.3
020352207,1556,221,14.2
020352208,630,77,12.22
020352209,939,130,13.84
020352210,773,119,15.39
020352211,798,110,13.78
020352212,902,138,15.3
020352213,582,86,14.78
020420101,732,132,18.03
020420102,891,126,14.14
020420103,948,139,14.66
020420104,849,98,11.54
020420105,1174,200,17.04
020420106,1078,157,14.56
020420107,621,92,14.81
020420108,789,126,15.97
020420109,689,105,15.24
020420110,461,68,14.75
020420111,1057,167,15.8
020420112,622,112,18.01
020420201,1481,278,18.77
020420202,967,155,16.03
020420203,766,116,15.14
020420204,764,135,17.67
020420205,612,85,13.89
020420206,945,174,18.41
020420207,912,150,16.45
020420208,1030,175,16.99
020420209,530,95,17.92
020420210,1017,143,14.06
020420211,840,130,15.48
020420212,923,143,15.49
020420301,934,131,14.03
020420302,839,129,15.38
020420303,855,112,13.1
020420304,685,88,12.85
020420305,778,117,15.04
020420306,969,134,13.83
020420307,922,143,15.51
020420308,720,85,11.81
020420309,650,99,15.23
020420310,937,126,13.45
020420311,610,90,14.75
020420401,626,104,16.61
020420402,1074,175,16.29
020420403,1160,146,12.59
020420404,1147,176,15.34
020420405,808,123,15.22
020420406,1305,245,18.77
020420407,742,92,12.4
020420408,1281,192,14.99
020420409,951,116,12.2
020420410,1172,162,13.82
020420411,959,136,14.18
020420412,502,73,14.54
020420501,714,73,10.22
020420502,832,109,13.1
020420503,943,99,10.5
020420504,813,78,9.59
020420505,1029,145,14.09
020420506,740,113,15.27
020420507,1115,148,13.27
020420508,552,71,12.86
020420509,721,81,11.23
020420510,1127,126,11.18
020420511,943,126,13.36
020420512,420,48,11.43
020420513,380,32,8.42
020420601,1484,187,12.6
020420602,2217,360,16.24
020420603,1178,148,12.56
020420604,742,82,11.05
020420605,578,86,14.88
020420606,1090,153,14.04
020420607,1008,149,14.78
020420608,1211,176,14.53
020420609,859,122,14.2
020420701,800,112,14.0
020420702,1261,135,10.71
020420703,671,92,13.71
020420704,1265,175,13.83
020420705,1118,135,12.08
020420706,804,112,13.93
020420707,1267,199,15.71
020420708,796,109,13.69
020420709,1003,113,11.27
020420710,843,101,11.98
020420711,820,98,11.95
020420712,939,127,13.53
020420713,598,56,9.36
020420801,874,115,13.16
020420802,1025,130,12.68
020420803,780,90,11.54
020420804,710,81,11.41
020420805,679,86,12.67
020420806,1300,190,14.62
020420807,926,105,11.34
020420808,716,101,14.11
020420809,720,97,13.47
020420810,984,115,11.69
020420811,783,127,16.22
020420901,717,90,12.55
020420902,636,85,13.36
020420903,603,82,13.6
020420904,1159,128,11.04
020420905,331,33,9.97
020420906,959,126,13.14
020420907,686,76,11.08
020420908,569,69,12.13
020420909,858,105,12.24
020420910,838,110,13.13
020421001,763,88,11.53
020421002,676,78,11.54
020421003,917,118,12.87
020421004,692,79,11.42
020421005,895,121,13.52
020421006,1007,129,12.81
020421007,613,51,8.32
020421008,1360,189,13.9
020421009,744,75,10.08
020421010,1030,114,11.07
020421101,1303,178,13.66
020421102,624,82,13.14
020421103,994,156,15.69
020421104,826,100,12.11
020421105,1668,250,14.99
020421106,918,134,14.6
020421107,805,117,14.53
020421108,1014,132,13.02
020421109,889,101,11.36
020421110,605,79,13.06
020421201,489,64,13.09
020421202,893,127,14.22
020421203,938,173,18.44
020421204,404,33,8.17
020421205,740,80,10.81
020421206,573,81,14.14
020421207,897,111,12.37
020421208,771,111,14.4
020421209,644,84,13.04
020421210,543,80,14.73
020421211,680,82,12.06
020421212,354,43,12.15
020421301,836,112,13.4
020421302,1230,143,11.63
020421303,735,89,12.11
020421304,1371,203,14.81
020421305,983,129,13.12
020421306,684,99,14.47
020421307,579,74,12.78
020421308,493,68,13.79
020421309,478,49,10.25
020421310,658,81,12.31
020421311,500,75,15.0
020421312,812,125,15.39
020421313,678,89,13.13
020421401,922,138,14.97
020421402,770,119,15.45
020421403,736,93,12.64
020421404,1140,164,14.39
020421405,1238,180,14.54
020421406,732,90,12.3
020421407,532,55,10.34
020421408,594,86,14.48
020421409,996,160,16.06
020421410,784,100,12.76
020421411,577,102,17.68
020421412,648,110,16.98
020421501,814,137,16.83
020421502,1740,192,11.03
020421503,830,97,11.69
020421504,826,103,12.47
020421505,965,150,15.54
020421506,865,117,13.53
020421507,966,115,11.9
020421508,790,105,13.29
020421509,586,81,13.82
020421510,786,92,11.7
020421601,670,97,14.48
020421602,970,138,14.23
020421603,749,105,14.02
020421604,809,134,16.56
020421605,1208,166,13.74
020421606,1113,163,14.65
020421607,1144,149,13.02
020421608,1052,194,18.44
020421609,1381,225,16.29
020421610,286,46,16.08
020421611,978,137,14.01
020421612,655,80,12.21
020421613,887,127,14.32
020421614,1080,134,12.41
020421701,811,97,11.96
020421702,974,104,10.68
020421703,784,104,13.27
020421704,808,108,13.37
020421705,1764,197,11.17
020421706,1485,179,12.05
020421707,633,68,10.74
020421801,720,80,11.11
020421802,861,102,11.85
020421803,730,78,10.68
020421804,758,95,12.53
020421805,920,142,15.43
020421806,1088,142,13.05
020421807,1066,125,11.73
020421808,1034,128,12.38
020421809,889,102,11.47
020421901,804,90,11.19
020421902,1399,145,10.36
020421903,1296,155,11.96
020421904,938,96,10.23
020421905,655,81,12.37
020421906,1036,120,11.58
020421907,951,119,12.51
020421908,873,106,12.14
020422001,556,70,12.59
020422002,653,71,10.87
020422003,1453,163,11.22
020422004,599,66,11.02
020422005,887,103,11.61
020422006,846,99,11.7
020422007,592,78,13.18
020422008,1297,142,10.95
020422009,1063,122,11.48
020422010,949,148,15.6
020422101,861,98,11.38
020422102,1078,131,12.15
020422103,843,105,12.46
020422104,708,73,10.31
020422105,938,126,13.43
020422106,533,75,14.07
020422107,1025,135,13.17
020422108,831,127,15.28
020422109,973,120,12.33
020422110,939,112,11.93
020422111,1155,156,13.51
020422112,525,76,14.48
020490101,725,150,20.69
020490102,906,189,20.86
020490103,804,142,17.66
020490104,469,83,17.7
020490105,434,98,22.58
020490106,352,67,19.03
020490107,322,66,20.5
020490108,748,115,15.37
020490109,699,118,16.88
020490110,753,105,13.94
020490111,453,63,13.91
020490201,930,143,15.38
020490202,1245,186,14.94
020490203,821,132,16.08
020490204,1106,226,20.43
020490205,851,131,15.39
020490206,1139,220,19.32
020490207,788,151,19.16
020490208,781,131,16.77
020490209,932,126,13.52
020490301,979,135,13.79
020490302,1048,141,13.45
020490303,969,146,15.07
020490304,990,137,13.84
020490305,804,146,18.16
020490306,1030,145,14.08
020490307,650,109,16.77
020490308,865,159,18.38
020490309,776,134,17.27
020490310,598,96,16.05
020490311,686,155,22.59
020490312,649,117,18.03
020490313,827,151,18.26
020490401,892,136,15.25
020490402,769,118,15.34
020490403,1019,127,12.46
020490404,1102,182,16.52
020490405,910,110,12.09
020490406,907,129,14.22
020490407,693,128,18.47
020490408,651,86,13.21
020490409,619,97,15.67
020490410,1366,214,15.67
020490411,867,148,17.07
020490501,835,101,12.1
020490502,709,86,12.13
020490503,424,36,8.49
020490504,1102,113,10.25
020490505,788,115,14.59
020490506,740,104,14.05
020490507,922,151,16.38
020490508,735,95,12.93
020490509,1177,175,14.87
020490510,707,91,12.87
020490511,860,108,12.56
020490601,1099,204,18.56
020490602,838,161,19.21
020490603,832,172,20.67
020490604,772,120,15.54
020490605,1153,174,15.09
020490606,801,118,14.73
020490607,921,129,14.01
020490608,447,64,14.32
020490609,661,87,13.16
020490701,601,96,15.97
020490702,497,97,19.52
020490703,1143,153,13.39
020490704,675,117,17.33
020490705,638,80,12.54
020490706,1319,239,18.12
020490707,654,94,14.37
020490708,741,104,14.04
020490709,1147,147,12.82
020490710,1091,153,14.02
020490711,751,104,13.85
020490801,747,81,10.84
020490802,1211,199,16.43
020490803,638,58,9.09
020490804,997,141,14.14
020490805,1183,154,13.02
020490806,1058,155,14.65
020490807,676,87,12.87
020490808,1175,151,12.85
020490901,759,121,15.94
020490902,643,74,11.51
020490903,676,82,12.13
020490904,848,97,11.44
020490905,666,86,12.91
020490906,1239,193,15.58
020490907,819,117,14.29
020490908,1423,193,13.56
020490909,886,148,16.7
020490910,998,165,16.53
020490911,748,111,14.84
020491001,1055,132,12.51
020491002,593,112,18.89
020491003,585,75,12.82
020491004,724,102,14.09
020491005,739,118,15.97
020491006,1074,178,16.57
020491007,883,134,15.18
020491008,1231,148,12.02
020491009,813,112,13.78
020491010,1038,150,14.45
020491101,911,113,12.4
020491102,948,114,12.03
020491103,995,140,14.07
020491104,1223,161,13.16
020491105,749,85,11.35
020491106,1073,163,15.19
020491107,1240,137,11.05
020491108,656,95,14.48
020491109,1121,141,12.58
020491110,726,104,14.33
020491111,859,130,15.13
020491201,1140,136,11.93
020491202,641,94,14.66
020491203,809,116,14.34
020491204,768,123,16.02
020491205,732,111,15.16
020491206,917,156,17.01
020491207,670,92,13.73
020491208,905,175,19.34
020491209,885,133,15.03
020491301,964,126,13.07
020491302,953,139,14.59
020491303,1117,140,12.53
020491304,705,95,13.48
020491305,784,120,15.31
020491306,789,123,15.59
020491307,848,124,14.62
020491308,861,129,14.98
020491309,511,95,18.59
020491310,602,109,18.11
020491311,885,129,14.58
020491312,694,110,15.85
020491313,595,88,14.79
020491314,676,109,16.12
020491315,430,65,15.12
020491401,912,139,15.24
020491402,1027,152,14.8
020491403,736,111,15.08
020491404,687,103,14.99
020491405,891,141,15.82
020491406,1038,161,15.51
020491407,937,147,15.69
020491408,839,138,16.45
020491409,731,117,16.01
020491410,662,116,17.52
020491411,1063,157,14.77
020491412,916,130,14.19
020491413,693,129,18.61
020491501,906,165,18.21
020491502,790,131,16.58
020491503,958,146,15.24
020491504,683,108,15.81
020491505,746,123,16.49
020491506,833,145,17.41
020491507,762,101,13.25
020491508,790,123,15.57
020491509,1048,181,17.27
020491510,1075,209,19.44
020491511,1056,174,16.48
020491601,702,76,10.83
020491602,748,120,16.04
020491603,766,103,13.45
020491604,767,94,12.26
020491605,736,95,12.91
020491606,832,121,14.54
020491607,1111,171,15.39
020491608,1033,198,19.17
020491609,1399,270,19.3
020491701,1010,231,22.87
020491702,256,75,29.3
020491703,108,23,21.3
020491704,178,35,19.66
020491705,86,20,23.26
020491706,256,43,16.8
020491707,237,79,33.33
020491708,105,20,19.05
020491709,198,38,19.19
020491710,267,63,23.6
020491711,87,16,18.39
020491712,115,21,18.26
020491713,68,17,25.0
020491801,235,46,19.57
020491802,208,50,24.04
020491803,249,64,25.7
020491804,279,77,27.6
020491805,311,69,22.19
020491806,416,114,27.4
020491807,603,118,19.57
020491808,204,42,20.59
020491809,193,36,18.65
020491810,184,45,24.46
020491811,70,15,21.43
020491812,39,9,23.08
020491813,407,93,22.85
020491901,897,198,22.07
020491902,899,186,20.69
020491903,1038,241,23.22
020491904,1314,335,25.49
020491905,1000,224,22.4
020491906,1306,326,24.96
020492001,1080,142,13.15
020492002,622,71,11.41
020492003,753,110,14.61
020492004,722,111,15.37
020492005,867,136,15.69
020492006,791,116,14.66
020492007,747,113,15.13
020492008,1446,195,13.49
020492009,961,171,17.79
020492010,1548,321,20.74
020492011,1078,190,17.63
020492012,760,131,17.24
020492013,1361,223,16.39
020492101,1219,175,14.36
020492102,909,122,13.42
020492103,1231,179,14.54
020492104,572,76,13.29
020492105,682,89,13.05
020492106,724,114,15.75
020492107,896,121,13.5
020492108,460,58,12.61
020492109,945,135,14.29
020492110,1011,141,13.95
020492111,904,123,13.61
020492112,805,107,13.29
020492113,450,65,14.44
020492114,543,82,15.1
020492201,925,124,13.41
020492202,708,94,13.28
020492203,1060,145,13.68
020492204,997,134,13.44
020492205,1020,144,14.12
020492206,1082,150,13.86
020492207,697,76,10.9
020492208,717,80,11.16
020492209,531,68,12.81
020492210,779,106,13.61
020492211,799,120,15.02
020492212,583,73,12.52
020492213,760,94,12.37
020492214,645,105,16.28
020492301,799,110,13.77
020492302,784,102,13.01
020492303,715,107,14.97
020492304,553,85,15.37
020492305,764,106,13.87
020492306,810,123,15.19
020492307,968,137,14.15
020492308,923,145,15.71
020492309,924,132,14.29
020492310,599,83,13.86
020492401,997,147,14.74
020492402,873,150,17.18
020492403,939,132,14.06
020492404,1115,160,14.35
020492405,1035,171,16.52
020492406,1101,189,17.17
020492407,973,160,16.44
020492408,866,126,14.55
020492409,1117,163,14.59
020492410,1144,182,15.91
020492411,966,152,15.73
020560101,1504,409,27.19
020560102,982,220,22.4
020560103,1422,411,28.9
020560104,818,222,27.14
020560105,1103,342,31.01
020560106,790,224,28.35
020560107,1172,312,26.62
020560108,830,180,21.69
020560109,1146,274,23.91
020560110,703,185,26.32
020560111,684,178,26.02
020560112,884,246,27.83
020560113,947,258,27.24
020560114,2219,767,34.57
020560115,868,258,29.72
020560116,1036,295,28.47
020560117,968,267,27.58
020560118,676,195,28.85
020560119,1010,263,26.04
020560120,791,220,27.81
020560121,1593,509,31.95
020560122,1147,319,27.81
020560123,1306,400,30.63
020560124,539,161,29.87
020560201,1201,234,19.48
020560202,589,121,20.54
020560203,484,114,23.55
020560204,877,156,17.79
020560205,615,119,19.35
020560206,651,105,16.13
020560207,1227,262,21.35
020560208,937,197,21.02
020560209,875,143,16.34
020560210,669,117,17.49
020560301,1108,224,20.22
020560302,816,153,18.75
020560303,672,146,21.73
020560304,681,109,16.01
020560305,906,152,16.78
020560306,740,164,22.16
020560307,606,107,17.66
020560308,1513,464,30.67
020560309,883,213,24.12
020560310,1042,259,24.86
020560311,1822,529,29.03
020560312,466,105,22.53
020560313,1114,269,24.15
020560314,351,80,22.79
020560401,976,180,18.44
020560402,638,104,16.3
020560403,858,153,17.83
020560404,721,122,16.92
020560405,929,151,16.25
020560406,1130,192,16.99
020560407,831,147,17.69
020560408,902,139,15.41
020560409,811,139,17.14
020560410,996,169,16.97
020560411,796,132,16.58
020560501,822,131,15.94
020560502,731,116,15.87
020560503,971,169,17.4
020560504,805,156,19.38
020560505,608,100,16.45
020560506,890,166,18.65
020560507,1031,180,17.46
020560508,561,73,13.01
020560509,845,157,18.58
020560510,970,172,17.73
020560511,879,146,16.61
020560601,774,113,14.6
020560602,1036,141,13.61
020560603,942,150,15.92
020560604,789,118,14.96
020560605,1082,199,18.39
020560606,1161,232,19.98
020560607,958,186,19.42
020560608,788,125,15.86
020560609,936,169,18.06
020560610,906,168,18.54
020560611,777,159,20.46
020560701,1424,347,24.37
020560702,1406,329,23.4
020560703,846,235,27.78
020560704,1547,436,28.18
020560705,1178,355,30.14
020560706,1399,402,28.73
020560707,1542,433,28.08
020560708,1766,549,31.09
020560709,1275,394,30.9
020560710,1067,308,28.87
020560711,954,227,23.79
020560712,1683,392,23.29
020560713,1623,409,25.2
020560714,1361,400,29.39
020560715,986,260,26.37
020560716,748,223,29.81
020560801,857,115,13.42
020560802,984,158,16.06
020560803,845,142,16.8
020560804,896,123,13.73
020560805,982,175,17.82
020560806,863,147,17.03
020560807,788,126,15.99
020560808,504,99,19.64
020560809,844,128,15.17
020560810,1022,215,21.04
020560811,773,126,16.3
020560901,773,124,16.04
020560902,939,135,14.38
020560903,1086,152,14.0
020560904,811,106,13.07
020560905,809,127,15.7
020560906,812,150,18.47
020560907,783,122,15.58
020560908,788,109,13.83
020560909,1048,192,18.32
020561001,779,103,13.22
020561002,746,101,13.54
020561003,1203,209,17.37
020561004,2321,387,16.67
020561005,1902,321,16.88
020561006,1681,306,18.2
020561007,1864,333,17.86
020561008,1208,226,18.71
020561101,2779,484,17.42
020561102,2067,397,19.21
020561103,2490,436,17.51
020561104,1764,284,16.1
020561105,1166,194,16.64
020561201,820,132,16.1
020561202,1121,197,17.57
020561203,1049,158,15.06
020561204,1975,434,21.97
020561205,941,139,14.77
020561206,826,130,15.74
020561207,1000,185,18.5
020561301,503,126,25.05
020561302,452,97,21.46
020561303,1020,164,16.08
020561304,1481,295,19.92
020561305,1022,177,17.32
020561306,685,137,20.0
020561307,837,147,17.56
020561308,845,134,15.86
020561309,1095,314,28.68
020561310,953,243,25.5
020561311,893,267,29.9
020561401,1428,400,28.01
020561402,892,234,26.23
020561403,1151,284,24.67
020561404,1997,518,25.94
020561405,1217,279,22.93
020561406,856,164,19.16
020561407,1054,192,18.22
020561408,777,136,17.5
020561409,1070,242,22.62
020561410,958,144,15.03
020561411,1426,469,32.89
020561501,1008,301,29.86
020561502,1222,357,29.21
020561503,1613,440,27.28
020561504,874,244,27.92
020561505,998,287,28.76
020561506,1025,290,28.29
020561507,962,255,26.51
020561508,996,293,29.42
020561509,1087,275,25.3
020561510,2082,467,22.43
020561511,656,198,30.18
020561512,808,270,33.42
020561513,678,199,29.35
020561514,975,254,26.05
020561515,1505,410,27.24
020561516,596,164,27.52
020561517,624,200,32.05
020561518,915,282,30.82
020561519,907,319,35.17
020561601,1025,207,20.2
020561602,710,158,22.25
020561603,1102,220,19.96
020561604,817,175,21.42
020561605,1109,230,20.74
020561606,785,169,21.53
020561607,1040,207,19.9
020561608,799,173,21.65
020561609,948,220,23.21
020561610,1082,212,19.59
020561701,706,120,17.0
020561702,379,52,13.72
020561703,492,72,14.63
020561704,656,101,15.4
020561705,1465,298,20.34
020561801,579,191,32.99
020561802,586,184,31.4
020561803,342,94,27.49
020561804,597,212,35.51
020561805,422,130,30.81
020561806,935,279,29.84
020561807,797,247,30.99
020561808,641,211,32.92
020561809,1184,386,32.6
020630101,430,58,13.49
020630102,473,80,16.91
020630103,652,86,13.19
020630104,760,120,15.79
020630105,784,139,17.73
020630106,709,112,15.8
020630107,685,121,17.66
020630108,692,102,14.74
020630109,848,127,14.98
020630201,1169,177,15.14
020630202,903,137,15.17
020630203,1119,158,14.12
020630204,605,88,14.55
020630205,1215,207,17.04
020630206,741,130,17.54
020630207,910,132,14.51
020630208,713,116,16.27
020630209,1114,176,15.8
020630210,878,119,13.55
020630211,914,156,17.07
020630212,825,131,15.88
020630213,489,61,12.47
020630301,677,124,18.32
020630302,749,147,19.63
020630303,614,92,14.98
020630304,720,101,14.03
020630305,593,76,12.82
020630306,843,135,16.01
020630307,821,133,16.2
020630308,776,114,14.69
020630309,636,59,9.28
020630310,792,116,14.65
020630311,654,88,13.46
020630312,684,90,13.16
020630313,852,136,15.96
020630401,909,125,13.75
020630402,1010,150,14.85
020630403,938,152,16.2
020630404,891,124,13.92
020630405,916,144,15.72
020630406,629,105,16.69
020630407,839,141,16.81
020630408,766,124,16.19
020630409,821,102,12.42
020630410,690,120,17.39
020630411,968,132,13.64
020630501,1004,186,18.53
020630502,1104,175,15.85
020630503,744,132,17.74
020630504,1047,185,17.67
020630505,1117,178,15.94
020630506,955,151,15.81
020630507,961,164,17.07
020630508,882,128,14.51
020630509,1128,163,14.45
020630510,794,110,13.85
020630511,941,146,15.52
020630601,1192,188,15.77
020630602,759,112,14.76
020630603,1053,160,15.19
020630604,1069,140,13.1
020630605,1183,164,13.86
020630606,734,108,14.71
020630607,1187,165,13.9
020630608,946,133,14.06
020630609,936,150,16.03
020630610,986,140,14.2
020630611,942,145,15.39
020630612,656,96,14.63
020630701,799,134,16.77
020630702,893,160,17.92
020630703,549,75,13.66
020630704,744,131,17.61
020630705,777,87,11.2
020630706,842,122,14.49
020630707,683,107,15.67
020630708,727,114,15.68
020630709,906,137,15.12
020630710,692,115,16.62
020630711,866,137,15.82
020630712,1012,152,15.02
020630713,813,101,12.42
020630714,852,133,15.61
020630801,994,134,13.48
020630802,826,113,13.68
020630803,822,101,12.29
020630804,831,98,11.79
020630805,888,132,14.86
020630806,1088,161,14.8
020630807,725,102,14.07
020630808,1017,197,19.37
020630809,878,148,16.86
020630810,995,163,16.38
020630811,639,93,14.55
020630812,824,159,19.3
020630813,621,115,18.52
020630901,876,159,18.15
020630902,927,144,15.53
020630903,1147,194,16.91
020630904,652,98,15.03
020630905,780,124,15.9
020630906,996,144,14.46
020630907,942,148,15.71
020630908,565,79,13.98
020630909,766,117,15.27
020630910,851,134,15.75
020630911,764,103,13.48
020630912,801,124,15.48
020630913,620,110,17.74
020630914,907,124,13.67
020631001,887,134,15.11
020631002,926,141,15.23
020631003,943,152,16.12
020631004,739,122,16.51
020631005,894,133,14.88
020631006,754,128,16.98
020631007,700,121,17.29
020631008,884,119,13.46
020631009,511,80,15.66
020631010,756,128,16.93
020631011,558,79,14.16
020631012,498,75,15.06
020631101,1016,135,13.29
020631102,1076,150,13.94
020631103,792,127,16.04
020631104,1237,193,15.6
020631105,882,112,12.7
020631106,821,125,15.23
020631107,969,157,16.2
020631108,858,126,14.69
020631109,1060,182,17.17
020631110,862,122,14.15
020631111,830,118,14.22
020631112,1060,179,16.89
020631201,1033,171,16.55
020631202,531,71,13.37
020631203,732,110,15.03
020631204,813,122,15.01
020631205,817,140,17.14
020631206,800,138,17.25
020631207,744,126,16.94
020631208,952,149,15.65
020631209,843,137,16.25
020631210,1363,187,13.72
020631211,795,123,15.47
020631212,713,134,18.79
020631301,904,150,16.59
020631302,1359,256,18.84
020631303,1058,170,16.07
020631304,963,157,16.3
020631305,1403,271,19.32
020631306,1206,237,19.65
020631307,1545,324,20.97
020631401,1305,239,18.31
020631402,1066,189,17.73
020631403,1095,216,19.73
020631404,902,194,21.51
020631405,1034,254,24.56
020631406,555,113,20.36
020631407,1493,369,24.72
020631408,671,170,25.34
020631409,1335,285,21.35
020631410,701,176,25.11
020631411,808,220,27.23
020631412,729,163,22.36
020631413,531,105,19.77
020631414,963,233,24.2
020631415,1085,243,22.4
020631501,615,92,14.96
020631502,915,170,18.58
020631503,1029,197,19.14
020631504,1060,198,18.68
020631505,987,168,17.02
020631506,1000,161,16.1
020631507,1030,154,14.95
020631508,921,195,21.17
020631509,923,167,18.09
020631510,714,106,14.85
020631511,1048,170,16.22
020631601,983,165,16.79
020631602,973,166,17.06
020631603,855,134,15.67
020631604,830,153,18.43
020631605,994,161,16.2
020631606,1106,176,15.91
020631607,1021,150,14.69
020631608,968,148,15.29
020631609,1155,218,18.87
020631610,785,148,18.85
020631611,586,95,16.21
020631612,659,104,15.78
020631613,758,147,19.39
020700101,615,85,13.82
020700102,886,127,14.33
020700103,938,126,13.43
020700104,681,92,13.51
020700105,845,135,15.98
020700106,850,121,14.24
020700107,827,137,16.57
020700108,1009,157,15.56
020700201,840,120,14.29
020700202,729,136,18.66
020700203,719,124,17.25
020700204,926,145,15.66
020700205,798,99,12.41
020700206,1147,177,15.43
020700207,1041,175,16.81
020700208,894,133,14.88
020700301,829,169,20.39
020700302,807,108,13.38
020700303,972,158,16.26
020700304,592,106,17.91
020700305,752,104,13.83
020700306,770,129,16.75
020700307,910,122,13.41
020700308,1050,167,15.9
020700401,1114,146,13.11
020700402,1275,149,11.69
020700403,902,141,15.63
020700404,1496,225,15.04
020700405,1039,163,15.69
020700406,665,83,12.48
020700407,1056,149,14.11
020700408,1017,177,17.4
020700409,778,113,14.52
020700501,703,87,12.38
020700502,729,133,18.24
020700503,1042,146,14.01
020700504,876,135,15.41
020700505,847,87,10.27
020700506,848,103,12.15
020700507,822,104,12.65
020700508,1108,175,15.79
020700509,801,126,15.73
020700510,874,151,17.28
020700511,818,127,15.53
020700512,790,119,15.06
020700513,761,106,13.93
020700514,768,127,16.54
020700601,689,93,13.5
020700602,746,112,15.01
020700603,956,142,14.85
020700604,835,116,13.89
020700605,1028,180,17.51
020700606,1042,167,16.03
020700607,768,88,11.46
020700608,1029,125,12.15
020700609,697,89,12.77
020700610,1333,169,12.68
020700611,847,120,14.17
020700612,726,94,12.95
020700613,1163,158,13.59
020700614,549,56,10.2
020700701,1388,199,14.34
020700702,1295,207,15.98
020700703,1164,170,14.6
020700704,1238,222,17.93
020700705,1181,180,15.24
020700706,943,152,16.12
020700707,1181,137,11.6
020700708,1029,169,16.42
020700709,1101,192,17.44
020700710,1110,156,14.05
020700801,1012,155,15.32
020700802,1180,167,14.15
020700803,729,100,13.72
020700804,1197,173,14.45
020700805,983,155,15.77
020700806,895,132,14.75
020700807,1192,196,16.44
020700808,1173,174,14.83
020700809,677,100,14.77
020700901,974,139,14.27
020700902,995,148,14.87
020700903,909,128,14.08
020700904,758,104,13.72
020700905,788,131,16.62
020700906,991,173,17.46
020700907,872,128,14.68
020700908,823,116,14.09
020700909,757,146,19.29
020700910,885,154,17.4
020701001,800,99,12.38
020701002,1053,166,15.76
020701003,894,142,15.88
020701004,738,97,13.14
020701005,908,128,14.1
020701006,928,157,16.92
020701007,758,122,16.09
020701008,937,130,13.87
020701009,960,134,13.96
020701010,750,117,15.6
020701011,814,147,18.06
020701012,858,141,16.43
020701101,908,137,15.09
020701102,933,137,14.68
020701103,1031,171,16.59
020701104,740,139,18.78
020701105,680,138,20.29
020701106,414,85,20.53
020701107,788,136,17.26
020701108,825,125,15.15
020701109,918,113,12.31
020701110,693,114,16.45
020701111,624,130,20.83
020701201,928,145,15.62
020701202,847,125,14.76
020701203,739,126,17.05
020701204,576,99,17.19
020701205,345,64,18.55
020701206,331,61,18.43
020701207,619,98,15.83
020701208,777,109,14.03
020701209,820,104,12.68
020701210,695,110,15.83
020701301,609,109,17.9
020701302,976,147,15.06
020701303,590,83,14.07
020701304,590,99,16.78
020701305,866,128,14.78
020701306,737,103,13.98
020701307,639,78,12.21
020701308,687,87,12.66
020701309,750,118,15.73
020701310,669,94,14.05
020701311,594,79,13.3
020701312,578,82,14.19
020701401,917,142,15.49
020701402,1083,183,16.9
020701403,987,169,17.12
020701404,906,166,18.32
020701405,686,78,11.37
020701406,573,97,16.93
020701407,865,141,16.3
020701408,644,75,11.65
020701409,863,108,12.51
020701410,1023,120,11.73
020701411,545,74,13.58
020701501,632,104,16.46
020701502,824,114,13.83
020701503,626,101,16.13
020701504,676,98,14.5
020701505,867,130,14.99
020701506,781,95,12.16
020701507,757,93,12.29
020701508,986,143,14.5
020701509,1099,129,11.74
020701601,816,110,13.48
020701602,1069,133,12.44
020701603,850,103,12.12
020701604,890,104,11.69
020701605,554,70,12.64
020701606,1166,152,13.04
020701607,794,119,14.99
020701608,1063,133,12.51
020701609,990,150,15.15
020701610,532,63,11.84
020701701,765,104,13.59
020701702,1037,140,13.5
020701703,1195,174,14.56
020701704,1137,191,16.8
020701705,1092,173,15.84
020701706,1158,170,14.68
020701707,963,152,15.78
020701708,718,104,14.48
020701709,663,106,15.99
020701710,907,140,15.44
020701801,837,131,15.65
020701802,849,113,13.31
020701803,766,94,12.27
020701804,1015,175,17.24
020701805,663,96,14.48
020701806,565,74,13.1
020701807,710,100,14.08
020701808,712,85,11.94
020701809,723,96,13.28
020701810,557,82,14.72
020701811,516,70,13.57
020701812,769,106,13.78
020701901,559,88,15.74
020701902,1287,228,17.72
020701903,835,147,17.6
020701904,872,114,13.07
020701905,938,132,14.07
020701906,1045,147,14.07
020701907,902,125,13.86
020701908,556,77,13.85
020701909,755,84,11.13
020701910,652,94,14.42
020701911,1103,130,11.79
020701912,1158,160,13.82
020701913,555,68,12.25
020770101,903,107,11.85
020770102,1059,178,16.81
020770103,827,135,16.32
020770104,952,160,16.81
020770105,643,107,16.64
020770106,841,115,13.67
020770107,896,113,12.61
020770108,997,121,12.14
020770109,515,48,9.32
020770110,676,89,13.17
020770111,1045,161,15.41
020770112,779,109,13.99
020770113,434,49,11.29
020770114,502,57,11.35
020770201,898,158,17.59
020770202,1338,189,14.13
020770203,873,123,14.09
020770204,705,96,13.62
020770205,1056,152,14.39
020770206,989,155,15.67
020770207,988,153,15.49
020770208,893,133,14.89
020770209,722,114,15.79
020770210,1021,172,16.85
020770211,722,110,15.24
020770301,707,79,11.17
020770302,766,107,13.97
020770303,736,104,14.13
020770304,572,70,12.24
020770305,867,115,13.26
020770306,730,90,12.33
020770307,874,113,12.93
020770308,734,98,13.35
020770309,820,119,14.51
020770310,686,96,13.99
020770311,895,145,16.2
020770312,716,107,14.94
020770401,756,110,14.55
020770402,749,124,16.56
020770403,630,89,14.13
020770404,811,104,12.82
020770405,733,89,12.14
020770406,639,92,14.4
020770407,677,75,11.08
020770408,984,102,10.37
020770409,1009,120,11.89
020770410,662,89,13.44
020770411,1021,145,14.2
020770412,936,127,13.57
020770413,780,109,13.97
020770501,724,97,13.4
020770502,803,117,14.57
020770503,792,114,14.39
020770504,686,105,15.31
020770505,901,123,13.65
020770506,869,129,14.84
020770507,774,96,12.4
020770508,860,111,12.91
020770509,814,109,13.39
020770510,732,88,12.02
020770601,845,128,15.15
020770602,1239,172,13.88
020770603,1203,192,15.96
020770604,1303,172,13.2
020770605,1273,193,15.16
020770606,1119,144,12.87
020770607,1093,177,16.19
020770608,965,128,13.26
020770609,875,129,14.74
020770610,621,94,15.14
020770611,919,115,12.51
020770701,518,73,14.09
020770702,987,147,14.89
020770703,881,127,14.42
020770704,1041,146,14.02
020770705,1055,156,14.79
020770706,1064,146,13.72
020770707,922,113,12.26
020770708,862,134,15.55
020770709,1065,167,15.68
020770710,1027,148,14.41
020770711,1077,149,13.83
020770712,929,131,14.1
020770801,873,127,14.55
020770802,911,137,15.04
020770803,591,74,12.52
020770804,709,80,11.28
020770805,775,79,10.19
020770806,1096,159,14.51
020770807,1102,141,12.79
020770808,1059,133,12.56
020770809,956,121,12.66
020770901,969,150,15.48
020770902,764,119,15.58
020770903,1040,168,16.15
020770904,620,81,13.06
020770905,755,93,12.32
020770906,691,88,12.74
020770907,713,85,11.92
020770908,752,89,11.84
020770909,604,92,15.23
020770910,932,141,15.13
020770911,664,90,13.55
020770912,753,104,13.81
020771001,893,111,12.43
020771002,1179,176,14.93
020771003,760,83,10.92
020771004,1025,142,13.85
020771005,1210,167,13.8
020771006,1355,190,14.02
020771007,1349,205,15.2
020771008,660,90,13.64
020771009,1166,160,13.72
020771010,920,135,14.67
020771011,742,122,16.44
020771101,832,103,12.38
020771102,1147,183,15.95
020771103,1050,180,17.14
020771104,328,46,14.02
020771105,1073,155,14.45
020771106,1019,150,14.72
020771107,920,157,17.07
020771108,947,143,15.1
020771109,749,107,14.29
020771201,863,120,13.9
020771202,743,104,14.0
020771203,1163,175,15.05
020771204,786,114,14.5
020771205,658,107,16.26
020771206,836,119,14.23
020771207,713,88,12.34
020771208,668,105,15.72
020771209,722,76,10.53
020771210,907,138,15.21
020771301,747,93,12.45
020771302,758,100,13.19
020771303,728,103,14.15
020771304,924,115,12.45
020771305,831,85,10.23
020771306,999,153,15.32
020771307,758,103,13.59
020771308,748,93,12.43
020771309,980,128,13.06
020771310,914,140,15.32
020771311,867,121,13.96
020771401,914,126,13.79
020771402,880,140,15.91
020771403,977,130,13.31
020771404,698,102,14.61
020771405,944,125,13.24
020771406,618,85,13.75
020771407,1445,208,14.39
020771408,794,125,15.74
020771501,1008,143,14.19
020771502,888,145,16.33
020771503,1049,145,13.82
020771504,999,147,14.71
020771505,819,105,12.82
020771506,665,85,12.78
020771507,733,106,14.46
020771508,864,122,14.12
020771509,990,115,11.62
020771510,917,145,15.81
020771511,1090,139,12.75
020771601,1005,119,11.84
020771602,545,81,14.86
020771603,838,120,14.32
020771604,743,89,11.98
020771605,1128,132,11.7
020771606,970,150,15.46
020771607,1084,181,16.7
020771608,1077,159,14.76
020771609,762,112,14.7
020771610,720,106,14.72
020771611,590,93,15.76
020771701,793,117,14.75
020771702,795,129,16.23
020771703,962,163,16.94
020771704,825,127,15.39
020771705,750,136,18.13
020771706,771,96,12.45
020771707,755,98,12.98
020771708,672,109,16.22
020771801,763,100,13.11
020771802,813,113,13.9
020771803,1119,172,15.37
020771804,1107,163,14.72
020771805,1075,149,13.86
020771806,852,101,11.85
020771807,758,101,13.32
020771808,727,122,16.78
020771809,630,109,17.3
020771810,1166,213,18.27
020771901,679,121,17.82
020771902,887,108,12.18
020771903,649,96,14.79
020771904,842,130,15.44
020771905,794,124,15.62
020771906,944,134,14.19
020771907,821,119,14.49
020771908,758,113,14.91
020771909,820,121,14.76
020772001,759,113,14.89
020772002,847,117,13.81
020772003,1340,204,15.22
020772004,986,166,16.84
020772005,906,135,14.9
020772006,636,68,10.69
020772007,804,122,15.17
020772008,542,81,14.94
020772009,829,101,12.18
020772010,786,116,14.76
020772011,644,100,15.53
020772101,764,98,12.83
020772102,803,134,16.69
020772103,1056,134,12.69
020772104,927,113,12.19
020772105,412,41,9.95
020772106,902,119,13.19
020772107,737,97,13.16
020772108,673,104,15.45
020772109,606,82,13.53
020772110,857,130,15.17
020772111,822,121,14.72
020772112,516,72,13.95
020772201,785,130,16.56
020772202,757,98,12.95
020772203,844,132,15.64
020772204,687,113,16.45
020772205,852,149,17.49
020772206,979,110,11.24
020772207,800,113,14.12
020772208,779,112,14.38
020772209,736,107,14.54
020772210,774,92,11.89
020772211,909,133,14.63
020840101,560,89,15.89
020840102,733,103,14.05
020840103,597,93,15.58
020840104,875,122,13.94
020840105,650,107,16.46
020840106,817,126,15.42
020840107,1213,204,16.82
020840108,677,81,11.96
020840109,988,132,13.36
020840110,1155,168,14.55
020840111,1076,162,15.06
020840201,750,98,13.07
020840202,848,122,14.39
020840203,961,146,15.19
020840204,1262,144,11.41
020840205,1046,137,13.1
020840206,1054,139,13.19
020840207,1117,170,15.22
020840208,1122,172,15.33
020840209,633,90,14.22
020840301,439,70,15.95
020840302,711,92,12.94
020840303,981,149,15.19
020840304,832,104,12.5
020840305,887,126,14.21
020840306,1394,276,19.8
020840307,935,135,14.44
020840308,667,101,15.14
020840309,582,88,15.12
020840310,1052,176,16.73
020840311,791,118,14.92
020840401,961,139,14.46
020840402,1143,157,13.74
020840403,1374,193,14.05
020840404,912,141,15.46
020840405,690,90,13.04
020840406,839,112,13.35
020840407,930,133,14.3
020840408,503,79,15.71
020840409,610,78,12.79
020840410,740,107,14.46
020840501,813,119,14.64
020840502,687,102,14.85
020840503,700,94,13.43
020840504,574,89,15.51
020840505,641,60,9.36
020840506,627,63,10.05
020840507,719,88,12.24
020840508,785,85,10.83
020840509,715,99,13.85
020840510,699,85,12.16
020840511,690,98,14.2
020840512,765,112,14.64
020840601,950,164,17.26
020840602,1115,149,13.36
020840603,739,95,12.86
020840604,912,123,13.49
020840605,1041,160,15.37
020840606,807,136,16.85
020840607,693,77,11.11
020840608,1059,156,14.73
020840609,967,103,10.65
020840610,860,142,16.51
020840701,1002,133,13.27
020840702,822,98,11.92
020840703,878,114,12.98
020840704,957,157,16.41
020840705,837,116,13.86
020840706,991,124,12.51
020840707,925,136,14.7
020840708,907,115,12.68
020840709,648,90,13.89
020840710,577,77,13.34
020840711,568,53,9.33
020840712,366,36,9.84
020840713,815,131,16.07
020840801,1075,139,12.93
020840802,804,130,16.17
020840803,918,149,16.23
020840804,859,134,15.6
020840805,609,55,9.03
020840806,1002,137,13.67
020840807,807,116,14.37
020840808,1143,162,14.17
020840809,1062,156,14.69
020840810,726,137,18.87
020840811,621,90,14.49
020840812,884,184,20.81
020840901,1208,196,16.23
020840902,981,149,15.19
020840903,820,115,14.02
020840904,1341,178,13.27
020840905,1256,188,14.97
020840906,1072,148,13.81
020840907,996,158,15.86
020840908,691,105,15.2
020841001,1212,196,16.17
020841002,850,131,15.41
020841003,886,128,14.45
020841004,773,116,15.01
020841005,773,103,13.32
020841006,1123,193,17.19
020841007,1039,143,13.76
020841008,899,162,18.02
020841009,995,150,15.08
020841010,788,137,17.39
020841011,1242,204,16.43
020841012,717,94,13.11
020841013,629,72,11.45
020841101,882,136,15.42
020841102,655,89,13.59
020841103,833,123,14.77
020841104,837,126,15.05
020841105,699,124,17.74
020841106,834,98,11.75
020841107,755,106,14.04
020841108,786,106,13.49
020841109,894,114,12.75
020841110,898,136,15.14
020841111,1232,230,18.67
020841112,616,112,18.18
020841113,355,51,14.37
020841201,827,111,13.42
020841202,1417,184,12.99
020841203,1087,152,13.98
020841204,1005,161,16.02
020841205,1074,137,12.76
020841206,662,93,14.05
020841207,907,113,12.46
020841208,709,106,14.95
020841209,603,103,17.08
020841301,1117,162,14.5
020841302,1146,158,13.79
020841303,540,85,15.74
020841304,1100,151,13.73
020841305,807,122,15.12
020841306,1161,162,13.95
020841307,835,98,11.74
020841308,714,78,10.92
020841309,1161,173,14.9
020841310,607,66,10.87
020841311,703,70,9.96
020841401,835,123,14.73
020841402,997,103,10.33
020841403,983,155,15.77
020841404,1141,145,12.71
020841405,1032,147,14.24
020841406,943,116,12.3
020841407,1625,238,14.65
020841408,926,143,15.44
020841409,1489,220,14.78
020841410,968,152,15.7
020841411,797,120,15.06
020841412,466,71,15.24
020841501,634,72,11.36
020841502,624,76,12.18
020841503,410,50,12.2
020841504,1055,147,13.93
020841505,1108,165,14.89
020841506,916,97,10.59
020841507,1002,141,14.07
020841508,1205,171,14.19
020841509,1461,237,16.22
020841510,1166,150,12.86
020841511,828,115,13.89
020841512,782,99,12.66
020841513,571,62,10.86
020841514,632,71,11.23
020841515,501,57,11.38
020841516,890,123,13.82
020841601,1202,163,13.56
020841602,967,108,11.17
020841603,1177,179,15.21
020841604,515,61,11.84
020841605,588,87,14.8
020841606,919,142,15.45
020841607,976,137,14.04
020841608,914,79,8.64
020841609,879,115,13.08
020841610,1010,106,10.5
020841611,896,120,13.39
020841612,740,89,12.03
020841613,588,76,12.93
020841614,337,42,12.46
020841615,671,90,13.41
020841616,618,80,12.94
020841617,922,99,10.74
020841618,628,88,14.01
020841619,540,56,10.37
020841620,629,82,13.04
020841621,679,99,14.58
020841701,1146,172,15.01
020841702,961,155,16.13
020841703,1040,149,14.33
020841704,1022,181,17.71
020841705,1387,233,16.8
020841706,1119,174,15.55
020841707,1245,196,15.74
020841708,440,54,12.27
020841709,623,77,12.36
020841710,952,138,14.5
020841801,772,109,14.12
020841802,1066,166,15.57
020841803,1080,160,14.81
020841804,1037,158,15.24
020841805,1079,181,16.77
020841806,1143,215,18.81
020841807,963,145,15.06
020841808,956,146,15.27
020841809,881,127,14.42
020841810,1114,190,17.06
020841811,678,103,15.19
020841812,663,102,15.38
020841813,821,123,14.98
020841814,540,63,11.67
020841815,434,70,16.13
020841901,1043,165,15.82
020841902,602,97,16.11
020841903,685,107,15.62
020841904,907,111,12.24
020841905,1350,231,17.11
020841906,1100,179,16.27
020841907,877,133,15.17
020841908,961,157,16.34
020841909,1026,133,12.96
020841910,947,140,14.78
020841911,1111,171,15.39
020841912,889,134,15.07
020841913,770,120,15.58
020842001,854,121,14.17
020842002,765,119,15.56
020842003,729,122,16.74
020842004,1381,228,16.51
020842005,1034,151,14.6
020842006,1369,199,14.54
020842007,1209,150,12.41
020842008,1076,154,14.31
020842009,877,134,15.28
020842010,632,76,12.03
020842101,638,84,13.17
020842102,774,151,19.51
020842103,653,77,11.79
020842104,1286,190,14.77
020842105,890,105,11.8
020842106,895,143,15.98
020842107,1196,177,14.8
020842108,1185,172,14.51
020842109,731,101,13.82
020842110,881,119,13.51
020842111,789,108,13.69
020842112,660,76,11.52
020842113,848,124,14.62
020842201,806,113,14.02
020842202,1044,168,16.09
020842203,1034,167,16.15
020842204,865,134,15.49
020842205,1127,180,15.97
020842206,915,113,12.35
020842207,804,108,13.43
020842208,1081,185,17.11
020842209,674,109,16.17
020842210,1117,158,14.15
020842211,1104,179,16.21
020842212,814,139,17.08
020842213,499,90,18.04
020842214,482,68,14.11
020842215,617,92,14.91
020910101,1176,132,11.22
020910102,835,104,12.46
020910103,835,100,11.98
020910104,652,86,13.19
020910105,1221,152,12.45
020910106,1348,191,14.17
020910107,723,108,14.94
020910108,683,88,12.88
020910109,600,64,10.67
020910110,812,113,13.92
020910111,643,84,13.06
020910112,529,52,9.83
020910113,605,94,15.54
020910114,535,54,10.09
020910115,459,42,9.15
020910201,640,80,12.5
020910202,860,105,12.21
020910203,819,109,13.31
020910204,756,102,13.49
020910205,996,123,12.35
020910206,886,105,11.85
020910207,785,118,15.03
020910208,786,103,13.1
020910209,1126,130,11.55
020910210,1281,192,14.99
020910211,706,127,17.99
020910212,742,104,14.02
020910213,601,68,11.31
020910301,1149,171,14.88
020910302,680,95,13.97
020910303,820,90,10.98
020910304,571,66,11.56
020910305,1101,177,16.08
020910306,1037,145,13.98
020910307,806,96,11.91
020910308,1113,180,16.17
020910309,1091,158,14.48
020910310,755,123,16.29
020910311,751,128,17.04
020910312,505,85,16.83
020910313,489,45,9.2
020910401,956,124,12.97
020910402,957,109,11.39
020910403,863,106,12.28
020910404,1215,149,12.26
020910405,1085,150,13.82
020910406,1093,171,15.65
020910407,845,115,13.61
020910408,785,85,10.83
020910409,843,116,13.76
020910410,578,63,10.9
020910411,918,129,14.05
020910412,225,29,12.89
020910413,737,85,11.53
020910414,774,110,14.21
020910415,645,87,13.49
020910416,594,83,13.97
020910501,810,99,12.22
020910502,1237,175,14.15
020910503,525,53,10.1
020910504,981,113,11.52
020910505,1050,153,14.57
020910506,957,119,12.43
020910507,1067,133,12.46
020910508,1322,162,12.25
020910509,731,97,13.27
020910510,647,85,13.14
020910511,667,72,10.79
020910512,427,50,11.71
020910601,744,91,12.23
020910602,1133,168,14.83
020910603,1012,133,13.14
020910604,1047,126,12.03
020910605,1084,116,10.7
020910606,947,109,11.51
020910607,1140,140,12.28
020910608,810,120,14.81
020910701,626,88,14.06
020910702,565,79,13.98
020910703,1286,158,12.29
020910704,863,101,11.7
020910705,978,139,14.21
020910706,884,125,14.14
020910707,976,128,13.11
020910708,898,135,15.03
020910709,1218,168,13.79
020910801,734,78,10.63
020910802,613,63,10.28
020910803,659,69,10.47
020910804,1041,115,11.05
020910805,1340,166,12.39
020910806,663,73,11.01
020910807,733,109,14.87
020910808,1055,124,11.75
020910809,928,109,11.75
020910810,663,76,11.46
020910811,724,116,16.02
020910901,725,93,12.83
020910902,944,124,13.14
020910903,550,76,13.82
020910904,713,80,11.22
020910905,740,100,13.51
020910906,786,83,10.56
020910907,739,86,11.64
020910908,821,119,14.49
020910909,902,107,11.86
020910910,700,89,12.71
020910911,587,86,14.65
020911001,874,119,13.62
020911002,529,62,11.72
020911003,523,66,12.62
020911004,553,90,16.27
020911005,861,120,13.94
020911006,882,119,13.49
020911007,709,83,11.71
020911008,994,115,11.57
020911009,763,96,12.58
020911010,937,115,12.27
020911011,621,75,12.08
020911012,551,121,21.96
020911013,502,52,10.36
020911014,926,152,16.41
020911015,582,94,16.15
020911101,431,52,12.06
020911102,787,106,13.47
020911103,616,80,12.99
020911104,570,75,13.16
020911105,509,63,12.38
020911106,1009,153,15.16
020911107,886,123,13.88
020911201,804,127,15.8
020911202,779,116,14.89
020911203,578,73,12.63
020911204,892,130,14.57
020911205,1460,277,18.97
020911206,580,82,14.14
020911207,928,129,13.9
020911208,687,98,14.26
020911209,1175,200,17.02
020911210,708,123,17.37
020911301,932,114,12.23
020911302,365,46,12.6
020911303,790,115,14.56
020911304,877,96,10.95
020911305,891,102,11.45
020911306,368,42,11.41
020911307,851,124,14.57
020911308,638,71,11.13
020911309,686,112,16.33
020911310,890,152,17.08
020911311,592,79,13.34
020911312,776,107,13.79
020911313,501,53,10.58
020911314,881,129,14.64
020911315,734,129,17.57
020911401,821,101,12.3
020911402,351,48,13.68
020911403,707,88,12.45
020911404,763,109,14.29
020911405,515,60,11.65
020911406,917,135,14.72
020911407,399,54,13.53
020911408,665,93,13.98
020911409,634,77,12.15
020911410,769,93,12.09
020911411,770,125,16.23
020911501,796,107,13.44
020911502,812,90,11.08
020911503,842,107,12.71
020911504,497,46,9.26
020911505,1008,107,10.62
020911506,703,101,14.37
020911507,891,112,12.57
020911508,716,76,10.61
020911509,972,128,13.17
020911510,855,81,9.47
020911511,931,123,13.21
020911512,628,66,10.51
020911601,1105,143,12.94
020911602,911,101,11.09
020911603,716,82,11.45
020911604,816,87,10.66
020911605,568,80,14.08
020911606,657,72,10.96
020911607,984,151,15.35
020911608,766,108,14.1
020911609,839,107,12.75
020911610,853,114,13.36
020911611,851,112,13.16
020911612,810,90,11.11
020911613,551,83,15.06
020911701,844,117,13.86
020911702,496,53,10.69
020911703,1151,134,11.64
020911704,589,86,14.6
020911705,994,141,14.19
020911706,829,110,13.27
020911707,955,147,15.39
020911708,716,103,14.39
020911709,1162,150,12.91
020911710,1046,131,12.52
020911711,717,110,15.34
020911712,621,85,13.69
020911713,1101,192,17.44
020911801,1002,131,13.07
020911802,804,98,12.19
020911803,1082,132,12.2
020911804,832,139,16.71
020911805,797,127,15.93
020911806,704,115,16.34
020911807,850,116,13.65
020911808,793,112,14.12
020911809,465,57,12.26
020911810,784,103,13.14
020911901,821,116,14.13
020911902,973,150,15.42
020911903,740,105,14.19
020911904,655,92,14.05
020911905,815,120,14.72
020911906,509,91,17.88
020911907,615,99,16.1
020911908,704,112,15.91
020911909,657,72,10.96
020911910,1002,127,12.67
020911911,341,35,10.26
020911912,672,103,15.33
020912001,702,82,11.68
020912002,983,135,13.73
020912003,585,97,16.58
020912004,767,97,12.65
020912005,625,62,9.92
020912006,1059,117,11.05
020912007,858,103,12.0
020912008,963,103,10.7
020912009,683,81,11.86
020912010,655,86,13.13
020912011,669,71,10.61
020912012,784,110,14.03
020912101,664,84,12.65
020912102,387,63,16.28
020912103,634,83,13.09
020912104,812,105,12.93
020912105,842,129,15.32
020912106,946,114,12.05
020912107,1319,226,17.13
020912108,818,104,12.71
020912109,1212,190,15.68
020912110,887,108,12.18
020912201,1021,150,14.69
020912202,576,83,14.41
020912203,585,82,14.02
020912204,821,88,10.72
020912205,1160,146,12.59
020912206,1166,176,15.09
020912207,1126,137,12.17
020912208,1100,134,12.18
020912209,861,117,13.59
020912301,798,90,11.28
020912302,599,74,12.35
020912303,1289,197,15.28
020912304,656,81,12.35
020912305,599,86,14.36
020912306,916,111,12.12
020912307,552,61,11.05
020912308,1180,199,16.86
020912309,1132,151,13.34
020912310,524,64,12.21
020912311,923,81,8.78
020912312,507,81,15.98
020912401,546,82,15.02
020912402,620,81,13.06
020912403,724,89,12.29
020912404,811,78,9.62
020912405,672,73,10.86
020912406,821,116,14.13
020912407,783,110,14.05
020912408,888,110,12.39
020912409,972,138,14.2
020912410,774,118,15.25
020912501,569,87,15.29
020912502,656,94,14.33
020912503,833,103,12.36
020912504,759,83,10.94
020912505,517,69,13.35
020912506,721,110,15.26
020912507,1344,197,14.66
020912508,1104,156,14.13
020912601,1022,153,14.97
020912602,917,123,13.41
020912603,776,131,16.88
020912604,906,123,13.58
020912605,682,99,14.52
020912606,511,71,13.89
020912607,563,77,13.68
020912608,524,72,13.74
020912609,572,75,13.11
020912610,941,130,13.82
020912611,656,84,12.8
020912701,490,79,16.12
020912702,835,120,14.37
020912703,997,128,12.84
020912704,773,119,15.39
020912705,636,75,11.79
020912706,1138,149,13.09
020912707,381,45,11.81
020912708,724,97,13.4
020912709,883,109,12.34
020912710,436,44,10.09
020912711,567,65,11.46
020912801,737,117,15.88
020912802,492,40,8.13
020912803,711,84,11.81
020912804,607,74,12.19
020912805,706,106,15.01
020912806,909,135,14.85
020912807,923,141,15.28
020912808,1079,123,11.4
020912809,886,119,13.43
020912810,664,94,14.16
020912901,532,61,11.47
020912902,677,90,13.29
020912903,558,66,11.83
020912904,743,97,13.06
020912905,562,72,12.81
020912906,786,118,15.01
020912907,937,151,16.12
020912908,1155,166,14.37
020912909,661,79,11.95
020912910,478,68,14.23
020912911,720,86,11.94
020980101,479,81,16.91
020980102,359,57,15.88
020980103,786,97,12.34
020980104,916,136,14.85
020980105,1098,149,13.57
020980106,940,143,15.21
020980107,774,114,14.73
020980108,749,78,10.41
020980109,745,79,10.6
020980110,1162,178,15.32
020980201,1041,128,12.3
020980202,605,73,12.07
020980203,1127,167,14.82
020980204,678,60,8.85
020980205,880,116,13.18
020980206,647,82,12.67
020980207,664,91,13.7
020980208,870,125,14.37
020980209,971,90,9.27
020980210,1168,163,13.96
020980301,1469,183,12.46
020980302,558,69,12.37
020980303,718,114,15.88
020980304,821,126,15.35
020980305,1050,156,14.86
020980306,626,101,16.13
020980307,675,83,12.3
020980308,946,110,11.63
020980309,918,99,10.78
020980310,718,64,8.91
020980311,771,71,9.21
020980312,651,81,12.44
020980401,652,87,13.34
020980402,542,79,14.58
020980403,597,79,13.23
020980404,664,90,13.55
020980405,649,95,14.64
020980406,962,106,11.02
020980407,984,144,14.63
020980408,1270,143,11.26
020980409,906,102,11.26
020980410,1902,219,11.51
020980501,532,70,13.16
020980502,771,121,15.69
020980503,958,120,12.53
020980504,489,41,8.38
020980505,916,103,11.24
020980506,616,56,9.09
020980507,625,83,13.28
020980508,660,89,13.48
020980509,1216,197,16.2
020980510,1175,168,14.3
020980601,457,63,13.79
020980602,539,57,10.58
020980603,1109,110,9.92
020980604,963,101,10.49
020980605,813,117,14.39
020980606,1209,168,13.9
020980607,829,102,12.3
020980608,565,70,12.39
020980609,698,68,9.74
020980610,580,61,10.52
020980611,423,46,10.87
020980612,520,61,11.73
020980613,692,106,15.32
020980701,494,37,7.49
020980702,515,58,11.26
020980703,924,117,12.66
020980704,983,119,12.11
020980705,755,106,14.04
020980706,728,90,12.36
020980707,694,65,9.37
020980708,621,76,12.24
020980709,636,80,12.58
020980710,496,46,9.27
020980711,465,38,8.17
020980712,513,46,8.97
020980713,453,65,14.35
020980714,372,33,8.87
020980715,345,35,10.14
020980716,313,22,7.03
020980801,332,42,12.65
020980802,490,40,8.16
020980803,365,35,9.59
020980804,601,47,7.82
020980805,1227,141,11.49
020980806,1137,130,11.43
020980807,620,62,10.0
020980808,834,95,11.39
020980809,661,66,9.98
020980810,363,49,13.5
020980811,560,112,20.0
020980812,316,21,6.65
020980813,370,27,7.3
020980814,358,20,5.59
020980815,466,59,12.66
020980901,1080,256,23.7
020980902,796,207,26.01
020980903,642,109,16.98
020980904,1400,267,19.07
020980905,445,49,11.01
020980906,776,86,11.08
020980907,670,84,12.54
020980908,760,75,9.87
020980909,969,126,13.0
020980910,887,117,13.19
020980911,600,61,10.17
020980912,996,118,11.85
020980913,785,81,10.32
020980914,646,85,13.16
020980915,702,59,8.4
020980916,338,26,7.69
020981001,145,28,19.31
020981002,45,7,15.56
020981101,1167,159,13.62
020981102,411,77,18.73
020981103,882,134,15.19
020981104,827,125,15.11
020981105,975,149,15.28
020981106,910,116,12.75
020981107,719,104,14.46
020981108,1262,178,14.1
020981109,827,65,7.86
020981110,470,41,8.72
020981111,585,40,6.84
020981112,883,101,11.44
020981113,293,38,12.97
020981114,541,77,14.23
020981115,539,71,13.17
020981116,364,35,9.62
020981117,396,42,10.61
020981201,646,72,11.15
020981202,785,86,10.96
020981203,748,82,10.96
020981204,848,58,6.84
020981205,1013,121,11.94
020981206,754,78,10.34
020981207,387,49,12.66
020981208,446,46,10.31
020981209,529,54,10.21
020981210,897,109,12.15
020981211,569,51,8.96
020981212,340,57,16.76
020981301,703,77,10.95
020981302,701,46,6.56
020981303,1073,98,9.13
020981304,550,57,10.36
020981305,688,78,11.34
020981306,586,58,9.9
020981307,168,20,11.9
020981308,573,62,10.82
020981309,607,49,8.07
020981310,616,58,9.42
020981311,554,65,11.73
020981312,557,65,11.67
020981401,791,79,9.99
020981402,688,90,13.08
020981403,1085,138,12.72
020981404,380,37,9.74
020981405,447,40,8.95
020981406,405,43,10.62
020981407,277,37,13.36
020981408,952,85,8.93
020981409,932,142,15.24
020981410,678,67,9.88
020981411,849,85,10.01
020981501,885,123,13.9
020981502,1113,104,9.34
020981503,799,78,9.76
020981504,938,106,11.3
020981505,1005,137,13.63
020981506,1043,142,13.61
020981507,703,67,9.53
020981508,1608,178,11.07
020981601,1319,166,12.59
020981602,966,144,14.91
020981603,1371,179,13.06
020981604,1413,218,15.43
020981605,933,133,14.26
020981606,390,66,16.92
020981607,381,50,13.12
020981701,974,123,12.63
020981702,791,89,11.25
020981703,902,107,11.86
020981704,447,55,12.3
020981705,878,134,15.26
020981706,966,155,16.05
020981707,804,115,14.3
020981708,1469,195,13.27
020981801,736,80,10.87
020981802,803,114,14.2
020981803,1026,130,12.67
020981804,852,117,13.73
020981805,1262,182,14.42
020981806,838,133,15.87
020981807,616,62,10.06
020981808,848,81,9.55
020981901,575,64,11.13
020981902,1016,109,10.73
020981903,1365,182,13.33
020981904,1349,132,9.79
020981905,1284,167,13.01
020982001,1250,130,10.4
020982002,1662,144,8.66
020982003,1052,122,11.6
020982004,854,101,11.83
020982005,743,74,9.96
020982006,673,58,8.62
020982007,524,59,11.26
020982101,971,111,11.43
020982102,472,59,12.5
020982103,353,38,10.76
020982104,639,76,11.89
020982105,332,36,10.84
020982106,808,92,11.39
020982107,657,65,9.89
020982108,808,66,8.17
020982109,713,93,13.04
020982110,665,53,7.97
020982111,894,82,9.17
020982201,787,75,9.53
020982202,952,84,8.82
020982203,556,76,13.67
020982204,616,47,7.63
020982205,967,125,12.93
020982206,802,95,11.85
020982207,657,76,11.57
020982208,811,61,7.52
020982209,399,40,10.03
020982210,377,34,9.02
020982211,730,77,10.55
020982212,709,79,11.14
020982301,984,141,14.33
020982302,636,76,11.95
020982303,753,88,11.69
020982304,923,74,8.02
020982305,1346,145,10.77
020982306,426,47,11.03
020982307,690,80,11.59
020982308,704,79,11.22
020982309,670,79,11.79
020982310,671,74,11.03
020982311,1104,100,9.06
020982312,789,91,11.53
020982313,808,64,7.92
020982314,508,52,10.24
020982401,663,82,12.37
020982402,503,51,10.14
020982403,676,52,7.69
020982404,580,62,10.69
020982405,904,103,11.39
020982406,720,60,8.33
020982407,721,69,9.57
020982408,682,71,10.41
020982409,750,79,10.53
020982501,1064,141,13.25
020982502,681,67,9.84
020982503,805,93,11.55
020982504,605,54,8.93
020982505,778,89,11.44
020982506,817,75,9.18
020982507,944,88,9.32
020982508,1064,118,11.09
020982509,879,90,10.24
020982601,1083,116,10.71
020982602,709,86,12.13
020982603,365,34,9.32
020982604,1642,212,12.91
020982605,845,75,8.88
020982606,849,107,12.6
020982607,1065,114,10.7
020982701,1373,154,11.22
020982702,1111,115,10.35
020982703,614,64,10.42
020982704,1134,105,9.26
020982705,1138,133,11.69
020982706,532,50,9.4
020982707,297,34,11.45
020982801,723,89,12.31
020982802,624,87,13.94
020982803,616,64,10.39
020982804,672,70,10.42
020982805,630,69,10.95
020982806,1089,108,9.92
020982807,812,89,10.96
020982808,574,44,7.67
020982809,620,54,8.71
020982810,983,127,12.92
020982811,1248,155,12.42
020982812,652,70,10.74
020982901,673,65,9.66
020982902,599,74,12.35
020982903,693,72,10.39
020982904,839,87,10.37
020982905,634,58,9.15
020982906,962,99,10.29
020982907,762,84,11.02
020982908,698,78,11.17
020982909,939,115,12.25
020982910,853,86,10.08
020982911,801,120,14.98
020983001,866,127,14.67
020983002,988,137,13.87
020983003,866,103,11.89
020983004,751,102,13.58
020983005,866,100,11.55
020983006,493,58,11.76
020983007,551,75,13.61
020983008,1713,206,12.03
020983009,1015,99,9.75
020983101,693,116,16.74
020983102,742,116,15.63
020983103,768,135,17.58
020983104,733,114,15.55
020983105,661,107,16.19
020983106,1008,142,14.09
020983107,820,111,13.54
020983108,627,80,12.76
020983109,559,69,12.34
020983110,528,67,12.69
020983111,418,34,8.13
020983112,559,53,9.48
021050101,1100,183,16.64
021050102,985,137,13.91
021050103,792,133,16.79
021050104,598,81,13.55
021050105,771,110,14.27
021050106,714,102,14.29
021050107,731,134,18.33
021050108,742,131,17.65
021050109,848,140,16.51
021050110,955,128,13.4
021050111,602,98,16.28
021050112,756,123,16.27
021050201,619,93,15.02
021050202,785,117,14.9
021050203,836,129,15.43
021050204,477,72,15.09
021050205,487,81,16.63
021050206,656,80,12.2
021050207,648,94,14.51
021050208,630,101,16.03
021050209,697,91,13.06
021050210,713,128,17.95
021050301,769,109,14.17
021050302,916,111,12.12
021050303,580,86,14.83
021050304,837,123,14.7
021050305,735,140,19.05
021050306,642,88,13.71
021050307,707,102,14.43
021050308,848,113,13.33
021050309,889,136,15.3
021050310,822,124,15.09
021050311,676,68,10.06
021050312,1113,189,16.98
021050313,701,77,10.98
021050401,1055,139,13.18
021050402,960,148,15.42
021050403,851,113,13.28
021050404,789,114,14.45
021050405,735,125,17.01
021050406,1169,155,13.26
021050407,925,120,12.97
021050408,741,103,13.9
021050409,786,111,14.12
021050410,780,107,13.72
021050411,955,149,15.6
021050412,934,121,12.96
021050413,775,98,12.65
021050414,780,118,15.13
021050501,659,95,14.42
021050502,1059,146,13.79
021050503,761,95,12.48
021050504,727,71,9.77
021050505,1075,132,12.28
021050506,1118,134,11.99
021050507,1063,142,13.36
021050508,1136,167,14.7
021050509,697,111,15.93
021050510,751,118,15.71
021050511,764,118,15.45
021050512,957,151,15.78
021050513,960,145,15.1
021050514,480,65,13.54
021050601,658,101,15.35
021050602,575,87,15.13
021050603,601,79,13.14
021050604,599,101,16.86
021050605,572,76,13.29
021050606,504,74,14.68
021050607,647,83,12.83
021050701,840,123,14.64
021050702,659,99,15.02
021050703,659,98,14.87
021050704,584,99,16.95
021050705,915,124,13.55
021050706,458,68,14.85
021050707,966,117,12.11
021050708,1001,150,14.99
021050709,808,104,12.87
021050710,1098,183,16.67
021050711,944,147,15.57
021050712,848,112,13.21
021050713,2505,800,31.94
021050801,912,128,14.04
021050802,462,54,11.69
021050803,1094,145,13.25
021050804,816,116,14.22
021050805,685,89,12.99
021050806,819,91,11.11
021050807,816,110,13.48
021050808,720,99,13.75
021050809,1422,225,15.82
021050810,1061,127,11.97
021050901,670,86,12.84
021050902,504,63,12.5
021050903,700,96,13.71
021050904,744,143,19.22
021050905,701,114,16.26
021050906,487,86,17.66
021050907,612,106,17.32
021050908,990,248,25.05
021050909,1306,312,23.89
021050910,1159,332,28.65
021050911,772,220,28.5
021051001,863,119,13.79
021051002,882,91,10.32
021051003,1044,132,12.64
021051004,903,109,12.07
021051005,907,147,16.21
021051006,594,82,13.8
021051007,882,116,13.15
021051008,772,102,13.21
021051009,1086,164,15.1
021051010,717,81,11.3
021051011,595,95,15.97
021051012,733,121,16.51
021051013,835,87,10.42
021051101,527,70,13.28
021051102,634,89,14.04
021051103,745,108,14.5
021051104,1140,167,14.65
021051105,790,118,14.94
021051106,722,123,17.04
021051107,695,87,12.52
021051108,745,76,10.2
021051109,999,143,14.31
021051110,628,84,13.38
021051111,891,108,12.12
021051112,929,99,10.66
021051113,895,109,12.18
021051114,454,46,10.13
021051115,407,39,9.58
021051116,662,74,11.18
021051201,799,117,14.64
021051202,723,95,13.14
021051203,723,88,12.17
021051204,1145,112,9.78
021051205,856,113,13.2
021051206,748,80,10.7
021051207,536,58,10.82
021051208,507,54,10.65
021051209,604,72,11.92
021051210,567,62,10.93
021051301,805,116,14.41
021051302,435,72,16.55
021051303,692,83,11.99
021051304,552,66,11.96
021051305,653,81,12.4
021051306,862,119,13.81
021051307,732,122,16.67
021051308,513,64,12.48
021051309,1129,146,12.93
021051310,869,93,10.7
021051401,887,107,12.06
021051402,924,123,13.31
021051403,653,74,11.33
021051404,937,146,15.58
021051405,1132,166,14.66
021051406,573,55,9.6
021051407,869,128,14.73
021051408,1108,136,12.27
021051409,798,98,12.28
021051410,691,85,12.3
021051411,992,119,12.0
021051501,665,61,9.17
021051502,677,121,17.87
021051503,907,108,11.91
021051504,1177,156,13.25
021051505,827,122,14.75
021051506,1004,156,15.54
021051507,829,98,11.82
021051508,743,102,13.73
021051509,1289,204,15.83
021051510,973,116,11.92
021051601,983,108,10.99
021051602,848,124,14.62
021051603,960,119,12.4
021051604,706,88,12.46
021051605,527,53,10.06
021051606,891,113,12.68
021051607,814,108,13.27
021051608,871,115,13.2
021051609,650,80,12.31
021051610,1091,155,14.21
021051611,570,62,10.88
021051701,716,94,13.13
021051702,707,80,11.32
021051703,810,96,11.85
021051704,751,99,13.18
021051705,843,105,12.46
021051706,626,72,11.5
021051707,744,91,12.23
021051708,581,69,11.88
021051709,628,80,12.74
021051710,891,135,15.15
021051711,784,88,11.22
021051712,672,94,13.99
021051801,539,73,13.54
021051802,471,66,14.01
021051803,976,96,9.84
021051804,561,65,11.59
021051805,632,82,12.97
021051806,595,76,12.77
021051807,719,98,13.63
021051808,541,68,12.57
021051809,632,99,15.66
021051810,521,65,12.48
021051811,689,96,13.93
021051812,690,86,12.46
021051813,595,59,9.92
021051901,574,70,12.2
021051902,881,131,14.87
021051903,700,82,11.71
021051904,847,111,13.11
021051905,1040,124,11.92
021051906,904,105,11.62
021051907,842,107,12.71
021051908,680,77,11.32
021051909,766,101,13.19
021051910,877,90,10.26
021051911,628,75,11.94
021052001,1159,161,13.89
021052002,920,125,13.59
021052003,828,96,11.59
021052004,712,103,14.47
021052005,647,76,11.75
021052006,686,74,10.79
021052007,789,110,13.94
021052008,503,76,15.11
021052009,421,52,12.35
021052010,729,98,13.44
021052011,750,88,11.73
021052012,643,68,10.58
021052101,1002,132,13.17
021052102,1036,140,13.51
021052103,678,69,10.18
021052104,790,88,11.14
021052105,624,102,16.35
021052106,1529,210,13.73
021052107,577,70,12.13
021052108,732,84,11.48
021052109,1199,147,12.26
021052110,981,109,11.11
021052111,868,126,14.52
021052112,611,81,13.26
021052113,794,98,12.34
