cod_radio,hogares_total,hogares_nbi,pct_nbi
020070101,106,19,17.92
020070201,231,25,10.82
020070202,170,40,23.53
020070203,102,28,27.45
020070204,211,24,11.37
020070205,229,37,16.16
020070207,319,77,24.14
020070208,249,45,18.07
020070209,188,35,18.62
020070210,127,22,17.32
020070211,249,42,16.87
020070212,423,82,19.39
020070213,171,30,17.54
020070214,244,65,26.64
020070215,279,75,26.88
020070216,154,32,20.78
020070217,259,60,23.17
020070218,201,31,15.42
020070219,122,31,25.41
020070220,139,66,47.48
020070221,367,18,4.9
020070222,321,23,7.17
020070223,296,41,13.85
020070301,130,13,10.0
020070302,547,106,19.38
020070303,149,34,22.82
020070304,175,23,13.14
020070305,346,52,15.03
020070306,146,18,12.33
020070307,316,104,32.91
020070308,321,75,23.36
020070309,214,66,30.84
020070310,487,89,18.28
020070311,230,27,11.74
020070312,237,51,21.52
020070313,186,45,24.19
020070314,205,44,21.46
020070315,267,63,23.6
020070316,143,29,20.28
020070317,181,26,14.36
020070318,111,8,7.21
020070319,123,23,18.7
020070401,493,5,1.01
020070402,551,25,4.54
020070403,268,4,1.49
020070404,302,7,2.32
020070405,167,3,1.8
020070406,322,14,4.35
020070407,315,3,0.95
020070408,325,17,5.23
020070501,334,9,2.69
020070502,257,4,1.56
020070503,523,12,2.29
020070504,465,5,1.08
020070505,220,2,0.91
020070506,480,6,1.25
020070507,338,3,0.89
020070601,394,4,1.02
020070602,314,2,0.64
020070603,497,1,0.2
020070604,465,6,1.29
020070605,223,4,1.79
020070606,270,2,0.74
020070607,232,5,2.16
020070608,293,1,0.34
020070609,526,11,2.09
020070610,284,4,1.41
020070701,393,3,0.76
020070702,154,3,1.95
020070703,143,7,4.9
020070704,210,5,2.38
020070705,260,0,0.0
020070706,183,10,5.46
020070707,413,7,1.69
020070708,337,5,1.48
020070709,287,2,0.7
020070710,372,8,2.15
020070711,188,4,2.13
020070712,262,11,4.2
020070713,149,4,2.68
020070801,274,8,2.92
020070802,618,6,0.97
020070803,406,5,1.23
020070804,296,2,0.68
020070805,269,4,1.49
020070806,606,10,1.65
020070807,618,5,0.81
020070808,292,11,3.77
020070809,248,4,1.61
020070810,187,3,1.6
020070811,142,2,1.41
020070901,259,10,3.86
020070902,345,59,17.1
020070903,234,19,8.12
020070904,254,20,7.87
020070905,260,28,10.77
020070906,354,20,5.65
020070907,467,36,7.71
020070908,309,13,4.21
020070909,483,17,3.52
020070910,278,4,1.44
020070911,207,8,3.86
020070912,148,8,5.41
020070913,277,11,3.97
020070914,271,50,18.45
020070915,197,9,4.57
020070916,255,22,8.63
020070917,153,4,2.61
020070918,241,13,5.39
020070919,141,5,3.55
020070920,316,73,23.1
020070921,187,30,16.04
020071001,193,6,3.11
020071002,353,17,4.82
020071003,458,17,3.71
020071004,301,12,3.99
020071005,286,9,3.15
020071006,447,55,12.3
020071007,216,22,10.19
020071008,276,17,6.16
020071009,302,14,4.64
020071010,435,23,5.29
020071011,460,25,5.43
020071012,377,10,2.65
020071013,342,21,6.14
020071014,195,11,5.64
020071015,163,2,1.23
020071016,188,2,1.06
020071101,303,39,12.87
020071102,433,52,12.01
020071103,246,101,41.06
020071104,412,22,5.34
020071105,292,29,9.93
020071106,277,8,2.89
020071107,354,37,10.45
020071108,390,9,2.31
020071109,255,13,5.1
020071110,284,24,8.45
020071111,183,3,1.64
020071112,268,12,4.48
020071113,288,11,3.82
020071114,341,9,2.64
020071115,339,64,18.88
020071201,185,17,9.19
020071202,243,14,5.76
020071203,156,10,6.41
020071204,240,56,23.33
020071205,262,8,3.05
020071206,302,25,8.28
020071207,524,100,19.08
020071208,192,11,5.73
020071209,308,17,5.52
020071210,222,13,5.86
020071211,261,17,6.51
020071212,255,22,8.63
020071213,234,92,39.32
020071214,266,22,8.27
020071301,259,2,0.77
020071302,113,5,4.42
020071303,200,2,1.0
020071304,288,17,5.9
020071305,281,3,1.07
020071306,201,7,3.48
020071307,507,4,0.79
020071308,253,10,3.95
020071309,254,0,0.0
020071310,508,14,2.76
020071311,229,2,0.87
020071312,301,3,1.0
020071313,152,1,0.66
020071314,326,9,2.76
020071315,338,2,0.59
020071316,409,76,18.58
020071317,272,20,7.35
020071318,249,6,2.41
020071401,343,53,15.45
020071402,360,28,7.78
020071403,218,11,5.05
020071404,195,2,1.03
020071405,386,154,39.9
020071406,322,43,13.35
020071407,333,9,2.7
020071408,241,86,35.68
020071409,275,29,10.55
020071410,268,5,1.87
020071411,209,10,4.78
020071412,213,31,14.55
020071501,364,77,21.15
020071502,402,36,8.96
020071503,294,26,8.84
020071504,507,17,3.35
020071505,295,17,5.76
020071506,366,85,23.22
020071507,327,40,12.23
020071508,405,121,29.88
020071509,503,33,6.56
020071510,370,63,17.03
020071511,342,72,21.05
020071601,313,73,23.32
020071602,199,13,6.53
020071603,439,83,18.91
020071604,361,12,3.32
020071605,156,12,7.69
020071606,208,22,10.58
020071607,510,92,18.04
020071608,253,29,11.46
020071609,166,6,3.61
020071610,281,2,0.71
020071611,190,16,8.42
020071612,145,6,4.14
020071701,484,99,20.45
020071702,239,19,7.95
020071703,344,40,11.63
020071704,322,20,6.21
020071705,310,46,14.84
020071706,541,127,23.48
020071707,361,73,20.22
020071708,348,73,20.98
020071709,243,22,9.05
020071710,312,21,6.73
020071711,245,44,17.96
020071801,587,172,29.3
020071802,383,52,13.58
020071803,303,34,11.22
020071804,543,73,13.44
020071805,342,33,9.65
020071806,449,31,6.9
020071807,292,23,7.88
020071808,305,14,4.59
020071809,429,90,20.98
020071901,486,94,19.34
020071902,536,30,5.6
020071903,151,7,4.64
020071904,391,14,3.58
020071905,233,15,6.44
020071906,343,85,24.78
020071907,397,111,27.96
020071908,202,60,29.7
020071909,285,14,4.91
020072001,285,54,18.95
020072002,353,22,6.23
020072003,345,6,1.74
020072004,335,36,10.75
020072005,407,12,2.95
020072006,302,36,11.92
020072007,258,7,2.71
020072008,349,41,11.75
020072009,288,32,11.11
020072010,378,61,16.14
020072101,238,28,11.76
020072102,374,36,9.63
020072103,377,78,20.69
020072104,556,222,39.93
020072105,364,76,20.88
020072106,322,63,19.57
020072107,375,77,20.53
020072108,251,23,9.16
020072109,350,27,7.71
020072110,433,52,12.01
020072201,407,5,1.23
020072202,422,17,4.03
020072203,380,57,15.0
020072204,249,21,8.43
020072205,241,11,4.56
020072206,283,22,7.77
020072207,329,14,4.26
020072208,350,95,27.14
020072209,491,48,9.78
020072210,706,47,6.66
020072301,378,9,2.38
020072302,258,4,1.55
020072303,436,74,16.97
020072304,140,18,12.86
020072305,236,26,11.02
020072306,253,3,1.19
020072307,231,32,13.85
020072308,294,11,3.74
020072309,431,4,0.93
020072310,146,30,20.55
020072401,147,5,3.4
020072402,358,9,2.51
020072403,277,3,1.08
020072404,202,22,10.89
020072405,193,13,6.74
020072406,494,9,1.82
020072407,487,23,4.72
020072408,231,14,6.06
020072501,221,15,6.79
020072502,211,6,2.84
020072503,254,4,1.57
020072504,432,2,0.46
020072505,312,25,8.01
020072506,287,55,19.16
020072507,239,7,2.93
020072508,396,28,7.07
020072509,236,6,2.54
020072510,227,13,5.73
020072511,256,9,3.52
020072601,180,32,17.78
020072602,343,9,2.62
020072603,263,6,2.28
020072604,287,5,1.74
020072605,592,28,4.73
020072606,200,1,0.5
020072607,330,8,2.42
020072608,303,4,1.32
020072609,401,9,2.24
020072701,200,11,5.5
020072702,332,137,41.27
020072703,276,69,25.0
020072704,303,128,42.24
020072705,238,25,10.5
020072706,343,131,38.19
020072707,242,79,32.64
020072708,439,88,20.05
020072709,324,89,27.47
020072710,260,24,9.23
020072801,172,19,11.05
020072802,319,116,36.36
020072803,226,64,28.32
020072804,300,77,25.67
020072805,359,22,6.13
020072806,332,120,36.14
020072807,268,46,17.16
020072808,130,17,13.08
020072809,449,114,25.39
020072810,414,86,20.77
020072811,340,210,61.76
020072812,227,66,29.07
020072813,323,138,42.72
020072901,476,145,30.46
020072902,323,176,54.49
020072903,316,73,23.1
020072904,301,47,15.61
020072905,494,154,31.17
020072906,337,57,16.91
020072907,315,30,9.52
020072908,282,78,27.66
020072909,411,72,17.52
020073001,308,61,19.81
020073002,329,53,16.11
020073003,175,28,16.0
020073004,199,57,28.64
020073005,102,41,40.2
020073006,257,73,28.4
020073007,280,47,16.79
020073008,259,80,30.89
020073009,212,21,9.91
020073010,290,110,37.93
020073011,330,100,30.3
020073012,394,111,28.17
020073013,259,66,25.48
020140101,22,2,9.09
020140102,163,13,7.98
020140201,384,7,1.82
020140202,474,7,1.48
020140203,251,4,1.59
020140204,274,5,1.82
020140205,297,5,1.68
020140206,222,5,2.25
020140207,173,1,0.58
020140208,336,3,0.89
020140301,489,6,1.23
020140302,510,8,1.57
020140303,141,4,2.84
020140304,214,2,0.93
020140305,365,10,2.74
020140306,527,11,2.09
020140307,393,2,0.51
020140308,303,3,0.99
020140401,402,7,1.74
020140402,158,0,0.0
020140403,184,2,1.09
020140404,266,1,0.38
020140405,375,2,0.53
020140406,237,1,0.42
020140407,309,2,0.65
020140408,485,1,0.21
020140409,333,1,0.3
020140410,526,6,1.14
020140501,335,7,2.09
020140502,372,2,0.54
020140503,306,5,1.63
020140504,327,4,1.22
020140505,431,9,2.09
020140506,438,5,1.14
020140507,412,5,1.21
020140508,304,4,1.32
020140509,236,4,1.69
020140601,264,11,4.17
020140602,636,5,0.79
020140603,244,0,0.0
020140604,371,4,1.08
020140605,224,5,2.23
020140606,375,19,5.07
020140607,210,4,1.9
020140608,253,8,3.16
020140609,314,4,1.27
020140610,244,5,2.05
020140701,652,5,0.77
020140702,513,4,0.78
020140703,463,10,2.16
020140704,374,1,0.27
020140705,283,18,6.36
020140706,344,3,0.87
020140707,523,13,2.49
020140708,234,8,3.42
020140709,363,1,0.28
020140801,378,4,1.06
020140802,409,6,1.47
020140803,566,10,1.77
020140804,566,5,0.88
020140805,610,10,1.64
020140806,662,6,0.91
020140807,1043,31,2.97
020140808,467,8,1.71
020140901,400,4,1.0
020140902,391,45,11.51
020140903,496,17,3.43
020140904,490,5,1.02
020140905,545,9,1.65
020140906,549,10,1.82
020140907,464,5,1.08
020140908,727,16,2.2
020140909,647,8,1.24
020141001,585,5,0.85
020141002,378,4,1.06
020141003,328,3,0.91
020141004,505,1,0.2
020141005,488,0,0.0
020141006,332,3,0.9
020141007,649,3,0.46
020141008,498,1,0.2
020141009,348,8,2.3
020141101,702,9,1.28
020141102,244,1,0.41
020141103,721,13,1.8
020141104,691,19,2.75
020141105,288,1,0.35
020141106,436,6,1.38
020141201,370,3,0.81
020141202,354,1,0.28
020141203,452,2,0.44
020141204,735,8,1.09
020141205,619,11,1.78
020141206,407,4,0.98
020141207,276,0,0.0
020141301,685,9,1.31
020141302,463,6,1.3
020141303,582,4,0.69
020141304,579,2,0.35
020141305,557,9,1.62
020141306,409,9,2.2
020141307,710,10,1.41
020141401,306,2,0.65
020141402,297,2,0.67
020141403,247,2,0.81
020141404,402,3,0.75
020141405,434,15,3.46
020141406,642,23,3.58
020141407,413,29,7.02
020141408,445,10,2.25
020141409,629,11,1.75
020141410,621,35,5.64
020141501,290,7,2.41
020141502,420,2,0.48
020141503,758,14,1.85
020141504,359,5,1.39
020141505,236,4,1.69
020141506,353,6,1.7
020141507,329,3,0.91
020141508,365,5,1.37
020141601,361,23,6.37
020141602,344,10,2.91
020141603,368,2,0.54
020141604,361,5,1.39
020141605,411,6,1.46
020141606,367,5,1.36
020141607,511,5,0.98
020141608,314,1,0.32
020141701,566,11,1.94
020141702,450,4,0.89
020141703,544,9,1.65
020141704,236,3,1.27
020141705,398,10,2.51
020141706,599,10,1.67
020141707,603,11,1.82
020141708,501,12,2.4
020141709,363,1,0.28
020141801,515,6,1.17
020141802,658,14,2.13
020141803,495,4,0.81
020141804,301,4,1.33
020141805,311,4,1.29
020141806,423,2,0.47
020141807,282,17,6.03
020141808,286,16,5.59
020141901,435,5,1.15
020141902,401,9,2.24
020141903,323,10,3.1
020141904,568,10,1.76
020141905,375,2,0.53
020141906,436,8,1.83
020141907,373,8,2.14
020141908,449,17,3.79
020142001,422,7,1.66
020142002,524,42,8.02
020142003,542,26,4.8
020142004,323,16,4.95
020142005,435,52,11.95
020142006,412,50,12.14
020142007,466,10,2.15
020142008,370,3,0.81
020142009,232,17,7.33
020142101,474,12,2.53
020142102,565,29,5.13
020142103,398,14,3.52
020142104,606,5,0.83
020142105,532,8,1.5
020142106,461,14,3.04
020142201,405,3,0.74
020142202,335,7,2.09
020142203,346,4,1.16
020142204,493,10,2.03
020142205,555,5,0.9
020142206,622,5,0.8
020142301,335,2,0.6
020142302,426,0,0.0
020142303,498,3,0.6
020142304,423,5,1.18
020142305,279,1,0.36
020142306,136,5,3.68
020142307,228,2,0.88
020142308,163,2,1.23
020142309,458,4,0.87
020142401,432,9,2.08
020142402,301,18,5.98
020142403,385,10,2.6
020142404,484,6,1.24
020142405,556,9,1.62
020142406,512,7,1.37
020142501,308,21,6.82
020142502,433,17,3.93
020142503,169,1,0.59
020142504,415,7,1.69
020142505,401,5,1.25
020142506,387,47,12.14
020142507,392,9,2.3
020142508,361,3,0.83
020142509,500,23,4.6
020142510,276,2,0.72
020142511,273,1,0.37
020142512,345,0,0.0
020142513,291,17,5.84
020210101,313,24,7.67
020210102,447,13,2.91
020210103,432,18,4.17
020210104,260,12,4.62
020210105,382,23,6.02
020210106,289,15,5.19
020210107,293,83,28.33
020210108,240,16,6.67
020210109,395,16,4.05
020210110,169,55,32.54
020210111,299,28,9.36
020210112,277,1,0.36
020210201,385,23,5.97
020210202,341,5,1.47
020210203,228,3,1.32
020210204,303,5,1.65
020210205,458,53,11.57
020210206,309,17,5.5
020210207,438,24,5.48
020210208,485,40,8.25
020210209,392,19,4.85
020210210,203,6,2.96
020210211,274,11,4.01
020210212,367,49,13.35
020210301,511,9,1.76
020210302,487,64,13.14
020210303,408,27,6.62
020210304,280,12,4.29
020210305,353,15,4.25
020210306,343,8,2.33
020210307,369,7,1.9
020210308,409,45,11.0
020210309,210,13,6.19
020210310,275,40,14.55
020210311,346,61,17.63
020210401,425,25,5.88
020210402,265,14,5.28
020210403,349,13,3.72
020210404,442,60,13.57
020210405,311,27,8.68
020210406,391,12,3.07
020210407,325,5,1.54
020210408,215,18,8.37
020210501,411,27,6.57
020210502,326,7,2.15
020210503,563,19,3.37
020210504,280,17,6.07
020210505,415,13,3.13
020210506,235,3,1.28
020210507,459,10,2.18
020210601,552,34,6.16
020210602,361,50,13.85
020210603,416,11,2.64
020210604,410,5,1.22
020210605,392,66,16.84
020210606,299,14,4.68
020210607,354,5,1.41
020210701,169,3,1.78
020210702,484,20,4.13
020210703,510,33,6.47
020210704,510,38,7.45
020210705,369,42,11.38
020210706,334,26,7.78
020210707,588,12,2.04
020210708,239,47,19.67
020210709,469,19,4.05
020210801,390,2,0.51
020210802,221,4,1.81
020210803,393,12,3.05
020210804,235,9,3.83
020210805,236,8,3.39
020210806,231,2,0.87
020210807,242,16,6.61
020210808,243,46,18.93
020210809,314,12,3.82
020210810,233,13,5.58
020210901,406,7,1.72
020210902,276,31,11.23
020210903,500,15,3.0
020210904,435,54,12.41
020210905,248,21,8.47
020210906,279,38,13.62
020210907,302,92,30.46
020210908,292,16,5.48
020210909,466,47,10.09
020210910,362,50,13.81
020211001,435,10,2.3
020211002,379,58,15.3
020211003,245,18,7.35
020211004,350,7,2.0
020211005,292,22,7.53
020211006,361,94,26.04
020211007,362,36,9.94
020211008,375,67,17.87
020211009,71,4,5.63
020211101,369,13,3.52
020211102,445,82,18.43
020211103,344,72,20.93
020211104,414,17,4.11
020211105,344,41,11.92
020211106,553,139,25.14
020211107,366,56,15.3
020211108,411,35,8.52
020211201,417,3,0.72
020211202,544,88,16.18
020211203,316,47,14.87
020211204,270,74,27.41
020211205,580,20,3.45
020211206,151,51,33.77
020211207,500,43,8.6
020211208,414,80,19.32
020211209,250,16,6.4
020211210,365,79,21.64
020211301,375,58,15.47
020211302,389,111,28.53
020211303,449,51,11.36
020211304,283,75,26.5
020211305,364,29,7.97
020211306,358,15,4.19
020211307,254,10,3.94
020211308,293,45,15.36
020211309,382,23,6.02
020211310,253,47,18.58
020211311,313,5,1.6
020211401,529,109,20.6
020211402,505,74,14.65
020211403,506,7,1.38
020211404,369,35,9.49
020211405,376,76,20.21
020211406,490,3,0.61
020211407,281,7,2.49
020211408,419,66,15.75
020211409,357,52,14.57
020211501,331,17,5.14
020211502,446,11,2.47
020211503,289,24,8.3
020211504,327,12,3.67
020211505,348,56,16.09
020211506,401,71,17.71
020211507,582,16,2.75
020211508,637,7,1.1
020211509,160,19,11.88
020211601,358,20,5.59
020211602,421,18,4.28
020211603,397,61,15.37
020211604,229,8,3.49
020211605,243,20,8.23
020211606,305,33,10.82
020211607,397,127,31.99
020211608,251,30,11.95
020211609,594,94,15.82
020211701,258,27,10.47
020211702,340,35,10.29
020211703,284,47,16.55
020211704,307,114,37.13
020211705,325,70,21.54
020211706,343,27,7.87
020211707,364,23,6.32
020211708,368,142,38.59
020211709,400,100,25.0
020211801,326,110,33.74
020211802,354,20,5.65
020211803,264,17,6.44
020211804,465,18,3.87
020211805,228,9,3.95
020211806,309,49,15.86
020211807,325,33,10.15
020211808,321,9,2.8
020211809,479,52,10.86
020211810,286,9,3.15
020211811,334,10,2.99
020211901,583,24,4.12
020211902,197,17,8.63
020211903,344,28,8.14
020211904,341,55,16.13
020211905,400,92,23.0
020211906,384,22,5.73
020211907,473,85,17.97
020211908,555,80,14.41
020211909,376,17,4.52
020211910,266,43,16.17
020212001,411,122,29.68
020212002,435,48,11.03
020212003,343,21,6.12
020212004,317,5,1.58
020212005,287,46,16.03
020212006,245,53,21.63
020212007,468,14,2.99
020212008,436,84,19.27
020212009,525,61,11.62
020212010,332,16,4.82
020212011,351,4,1.14
020212101,420,37,8.81
020212102,441,16,3.63
020212103,364,11,3.02
020212104,422,49,11.61
020212105,201,51,25.37
020212106,383,70,18.28
020212107,259,39,15.06
020212108,375,39,10.4
020212109,235,18,7.66
020212110,428,29,6.78
020212201,473,92,19.45
020212202,309,43,13.92
020212203,180,34,18.89
020212204,311,30,9.65
020212205,473,38,8.03
020212206,250,12,4.8
020212207,397,36,9.07
020212208,421,28,6.65
020212209,403,35,8.68
020212301,478,43,9.0
020212302,343,15,4.37
020212303,411,44,10.71
020212304,197,23,11.68
020212305,332,8,2.41
020212306,299,34,11.37
020212307,295,28,9.49
020212308,365,24,6.58
020212309,357,41,11.48
020212310,335,14,4.18
020212401,347,14,4.03
020212402,481,58,12.06
020212403,417,14,3.36
020212404,409,57,13.94
020212405,299,6,2.01
020212406,458,53,11.57
020212407,430,20,4.65
020212408,389,31,7.97
020212409,220,12,5.45
020212501,213,32,15.02
020212502,320,47,14.69
020212503,204,63,30.88
020212504,375,59,15.73
020212505,650,12,1.85
020212506,445,75,16.85
020212507,312,93,29.81
020212508,769,73,9.49
020212509,389,78,20.05
020212510,310,22,7.1
020212601,403,62,15.38
020212602,424,47,11.08
020212603,372,81,21.77
020212604,329,40,12.16
020212605,403,56,13.9
020212606,224,4,1.79
020212607,339,14,4.13
020212608,276,6,2.17
020212609,273,36,13.19
020212701,462,48,10.39
020212702,500,43,8.6
020212703,452,49,10.84
020212704,411,19,4.62
020212705,304,4,1.32
020212706,371,57,15.36
020212707,343,11,3.21
020280101,292,17,5.82
020280102,298,55,18.46
020280103,211,15,7.11
020280104,262,36,13.74
020280105,232,33,14.22
020280106,130,7,5.38
020280107,175,10,5.71
020280108,250,29,11.6
020280109,278,24,8.63
020280110,195,22,11.28
020280111,208,24,11.54
020280112,218,6,2.75
020280113,148,3,2.03
020280114,178,11,6.18
020280201,331,42,12.69
020280202,381,19,4.99
020280203,495,62,12.53
020280204,295,15,5.08
020280205,241,36,14.94
020280206,291,17,5.84
020280207,436,40,9.17
020280208,248,18,7.26
020280209,278,30,10.79
020280210,407,40,9.83
020280301,323,12,3.72
020280302,318,23,7.23
020280303,212,7,3.3
020280304,314,18,5.73
020280305,384,7,1.82
020280306,300,7,2.33
020280307,271,9,3.32
020280308,314,16,5.1
020280309,183,9,4.92
020280310,338,13,3.85
020280311,329,9,2.74
020280312,341,13,3.81
020280313,418,22,5.26
020280401,302,10,3.31
020280402,266,5,1.88
020280403,351,6,1.71
020280404,398,13,3.27
020280405,370,15,4.05
020280406,497,7,1.41
020280407,385,17,4.42
020280408,404,22,5.45
020280409,242,23,9.5
020280410,303,16,5.28
020280411,454,24,5.29
020280501,423,22,5.2
020280502,290,45,15.52
020280503,442,16,3.62
020280504,297,25,8.42
020280505,235,10,4.26
020280506,389,5,1.29
020280507,303,16,5.28
020280508,219,11,5.02
020280509,372,16,4.3
020280510,391,38,9.72
020280511,378,28,7.41
020280512,317,24,7.57
020280601,475,21,4.42
020280602,324,7,2.16
020280603,417,35,8.39
020280604,422,18,4.27
020280605,290,16,5.52
020280606,424,4,0.94
020280607,351,16,4.56
020280608,334,18,5.39
020280609,291,9,3.09
020280610,239,6,2.51
020280611,257,11,4.28
020280612,264,8,3.03
020280701,485,17,3.51
020280702,343,0,0.0
020280703,368,74,20.11
020280704,887,17,1.92
020280705,341,48,14.08
020280706,400,32,8.0
020280707,340,13,3.82
020280708,357,1,0.28
020280709,385,35,9.09
020280710,339,7,2.06
020280711,285,31,10.88
020280712,320,62,19.38
020280801,342,9,2.63
020280802,442,43,9.73
020280803,346,26,7.51
020280804,310,28,9.03
020280805,314,7,2.23
020280806,329,24,7.29
020280807,199,2,1.01
020280808,233,16,6.87
020280809,379,30,7.92
020280810,264,10,3.79
020280811,359,35,9.75
020280812,640,72,11.25
020280901,413,49,11.86
020280902,347,22,6.34
020280903,275,21,7.64
020280904,228,56,24.56
020280905,267,16,5.99
020280906,273,8,2.93
020280907,565,37,6.55
020281001,278,30,10.79
020281002,278,79,28.42
020281003,147,23,15.65
020281004,218,30,13.76
020281005,407,86,21.13
020281006,362,74,20.44
020281007,404,73,18.07
020281008,499,101,20.24
020281009,201,22,10.95
020281101,314,14,4.46
020281102,272,4,1.47
020281103,311,8,2.57
020281104,333,16,4.8
020281105,300,22,7.33
020281106,381,25,6.56
020281107,625,66,10.56
020281108,307,5,1.63
020281109,92,4,4.35
020281201,252,48,19.05
020281202,279,65,23.3
020281203,300,41,13.67
020281204,299,7,2.34
020281205,262,19,7.25
020281206,389,51,13.11
020281207,334,35,10.48
020281208,227,24,10.57
020281209,364,2,0.55
020281210,327,18,5.5
020281211,265,9,3.4
020281212,359,1,0.28
020281301,463,5,1.08
020281302,323,25,7.74
020281303,300,24,8.0
020281304,249,2,0.8
020281305,458,2,0.44
020281306,237,23,9.7
020281307,503,4,0.8
020281308,193,29,15.03
020281309,201,3,1.49
020281310,246,1,0.41
020281311,501,8,1.6
020281401,333,67,20.12
020281402,199,3,1.51
020281403,327,15,4.59
020281404,440,6,1.36
020281405,331,2,0.6
020281406,319,16,5.02
020281407,428,46,10.75
020281408,270,17,6.3
020281409,285,27,9.47
020281501,390,7,1.79
020281502,693,7,1.01
020281503,559,9,1.61
020281504,308,2,0.65
020281505,290,8,2.76
020281506,434,36,8.29
020281507,292,1,0.34
020281508,324,3,0.93
020281509,349,10,2.87
020281510,222,3,1.35
020281601,177,5,2.82
020281602,884,24,2.71
020281603,356,5,1.4
020281604,266,17,6.39
020281605,335,3,0.9
020281606,347,24,6.92
020281607,176,1,0.57
020281608,541,34,6.28
020281609,423,18,4.26
020281610,304,38,12.5
020281701,387,8,2.07
020281702,300,12,4.0
020281703,311,17,5.47
020281704,293,1,0.34
020281705,346,0,0.0
020281706,302,1,0.33
020281707,283,19,6.71
020281708,389,79,20.31
020281709,391,5,1.28
020281710,317,30,9.46
020281801,12,1,8.33
020281901,292,41,14.04
020281902,284,23,8.1
020281903,379,41,10.82
020281904,426,54,12.68
020281905,293,15,5.12
020281906,433,138,31.87
020281907,238,74,31.09
020281908,215,59,27.44
020281909,379,105,27.7
020281910,294,80,27.21
020281911,341,96,28.15
020282001,329,24,7.29
020282002,273,20,7.33
020282003,348,38,10.92
020282004,257,89,34.63
020282005,200,29,14.5
020282006,332,39,11.75
020282007,242,22,9.09
020282008,275,35,12.73
020282009,381,50,13.12
020282010,398,95,23.87
020282011,420,45,10.71
020282012,548,18,3.28
020282101,282,52,18.44
020282102,252,91,36.11
020282103,248,79,31.85
020282104,245,41,16.73
020282105,261,41,15.71
020282106,273,29,10.62
020282107,302,31,10.26
020282108,317,97,30.6
020282109,237,86,36.29
020282110,293,136,46.42
020282111,290,67,23.1
020282112,239,29,12.13
020282113,241,2,0.83
020282201,274,12,4.38
020282202,352,24,6.82
020282203,390,5,1.28
020282204,530,5,0.94
020282205,339,23,6.78
020282206,269,3,1.12
020282207,438,3,0.68
020282208,457,51,11.16
020282209,291,26,8.93
020282210,250,5,2.0
020282211,308,17,5.52
020282212,252,46,18.25
020282301,376,50,13.3
020282302,367,42,11.44
020282303,233,37,15.88
020282304,279,7,2.51
020282305,371,7,1.89
020282306,384,17,4.43
020282307,247,11,4.45
020282308,343,11,3.21
020282309,182,16,8.79
020282310,360,24,6.67
020282311,216,54,25.0
020282312,257,37,14.4
020282401,286,42,14.69
020282402,238,34,14.29
020282403,115,13,11.3
020282404,163,26,15.95
020282405,170,28,16.47
020282406,187,22,11.76
020282407,126,8,6.35
020282408,104,6,5.77
020282409,109,10,9.17
020282501,327,83,25.38
020282502,471,97,20.59
020282503,244,36,14.75
020282504,312,46,14.74
020282505,154,28,18.18
020282506,308,55,17.86
020282507,139,23,16.55
020282508,316,76,24.05
020282509,292,68,23.29
020282510,228,64,28.07
020282511,178,33,18.54
020282512,315,76,24.13
020282601,400,49,12.25
020282602,308,17,5.52
020282603,289,22,7.61
020282701,248,1,0.4
020282702,280,0,0.0
020282703,191,1,0.52
020282704,158,4,2.53
020282705,111,1,0.9
020282706,116,3,2.59
020282707,438,9,2.05
020282801,152,16,10.53
020282802,277,38,13.72
020282803,162,22,13.58
020282804,239,44,18.41
020282805,205,41,20.0
020282806,375,86,22.93
020282807,211,50,23.7
020282808,274,60,21.9
020282809,210,28,13.33
020282810,162,21,12.96
020282811,148,16,10.81
020282901,265,55,20.75
020282902,264,47,17.8
020282903,117,14,11.97
020282904,118,10,8.47
020282905,199,25,12.56
020282906,171,27,15.79
020282907,253,45,17.79
020282908,234,27,11.54
020350101,490,29,5.92
020350102,537,29,5.4
020350103,495,38,7.68
020350104,262,12,4.58
020350105,393,6,1.53
020350106,353,21,5.95
020350107,357,13,3.64
020350108,430,20,4.65
020350109,411,14,3.41
020350110,399,8,2.01
020350111,277,4,1.44
020350112,254,2,0.79
020350201,476,9,1.89
020350202,341,23,6.74
020350203,437,10,2.29
020350204,545,7,1.28
020350205,280,22,7.86
020350206,301,20,6.64
020350207,349,103,29.51
020350208,490,5,1.02
020350209,380,51,13.42
020350210,356,39,10.96
020350211,457,50,10.94
020350301,361,51,14.13
020350302,269,17,6.32
020350303,279,72,25.81
020350304,318,42,13.21
020350305,380,20,5.26
020350306,406,22,5.42
020350307,411,45,10.95
020350308,189,6,3.17
020350309,334,57,17.07
020350310,304,19,6.25
020350311,436,18,4.13
020350312,349,33,9.46
020350313,349,90,25.79
020350401,602,18,2.99
020350402,388,7,1.8
020350403,431,11,2.55
020350404,542,3,0.55
020350405,458,14,3.06
020350406,600,4,0.67
020350407,337,6,1.78
020350408,550,20,3.64
020350409,349,21,6.02
020350501,416,6,1.44
020350502,610,11,1.8
020350503,393,15,3.82
020350504,376,16,4.26
020350505,347,1,0.29
020350506,332,13,3.92
020350507,500,14,2.8
020350508,375,3,0.8
020350601,329,7,2.13
020350602,481,12,2.49
020350603,475,7,1.47
020350604,731,4,0.55
020350605,654,6,0.92
020350606,388,2,0.52
020350607,524,10,1.91
020350608,443,3,0.68
020350701,622,5,0.8
020350702,262,2,0.76
020350703,287,22,7.67
020350704,731,32,4.38
020350705,763,30,3.93
020350706,384,44,11.46
020350707,237,17,7.17
020350708,513,70,13.65
020350801,630,60,9.52
020350802,367,23,6.27
020350803,631,34,5.39
020350804,436,14,3.21
020350805,196,15,7.65
020350806,496,29,5.85
020350807,510,35,6.86
020350808,476,40,8.4
020350809,381,12,3.15
020350901,546,5,0.92
020350902,394,9,2.28
020350903,317,4,1.26
020350904,264,4,1.52
020350905,318,28,8.81
020350906,421,10,2.38
020350907,303,6,1.98
020350908,525,13,2.48
020350909,472,43,9.11
020350910,402,10,2.49
020351001,713,30,4.21
020351002,636,35,5.5
020351003,377,55,14.59
020351004,265,12,4.53
020351005,151,3,1.99
020351006,396,43,10.86
020351007,615,8,1.3
020351008,242,5,2.07
020351009,442,14,3.17
020351010,337,51,15.13
020351101,408,30,7.35
020351102,414,5,1.21
020351103,391,6,1.53
020351104,347,7,2.02
020351105,413,11,2.66
020351106,320,6,1.88
020351107,639,16,2.5
020351108,402,20,4.98
020351109,450,15,3.33
020351110,374,1,0.27
020351111,386,9,2.33
020351201,479,53,11.06
020351202,919,16,1.74
020351203,467,26,5.57
020351204,357,4,1.12
020351205,242,4,1.65
020351206,892,39,4.37
020351207,295,2,0.68
020351301,404,5,1.24
020351302,388,3,0.77
020351303,376,21,5.59
020351304,372,28,7.53
020351305,398,35,8.79
020351306,476,36,7.56
020351307,417,13,3.12
020351308,410,3,0.73
020351309,483,7,1.45
020351401,297,1,0.34
020351402,524,29,5.53
020351403,667,9,1.35
020351404,489,6,1.23
020351405,853,40,4.69
020351406,633,12,1.9
020351407,228,24,10.53
020351408,410,3,0.73
020351409,494,46,9.31
020351501,499,21,4.21
020351502,564,10,1.77
020351503,305,13,4.26
020351504,588,51,8.67
020351505,518,19,3.67
020351506,420,69,16.43
020351507,339,30,8.85
020351508,337,103,30.56
020351509,233,45,19.31
020351601,563,32,5.68
020351602,319,11,3.45
020351603,224,35,15.62
020351604,494,39,7.89
020351605,490,18,3.67
020351606,401,19,4.74
020351607,353,73,20.68
020351608,502,57,11.35
020351609,464,39,8.41
020351610,613,35,5.71
020351611,358,9,2.51
020351612,211,1,0.47
020351701,374,32,8.56
020351702,379,37,9.76
020351703,297,12,4.04
020351704,387,7,1.81
020351705,390,2,0.51
020351706,423,2,0.47
020351707,355,34,9.58
020351708,470,29,6.17
020351709,332,10,3.01
020351710,403,2,0.5
020351711,523,7,1.34
020351801,531,24,4.52
020351802,469,18,3.84
020351803,578,19,3.29
020351804,315,30,9.52
020351805,449,27,6.01
020351806,231,17,7.36
020351807,327,12,3.67
020351808,184,4,2.17
020351809,327,20,6.12
020351810,381,2,0.52
020351811,461,11,2.39
020351901,403,24,5.96
020351902,356,4,1.12
020351903,458,36,7.86
020351904,407,23,5.65
020351905,375,16,4.27
020351906,470,29,6.17
020351907,242,19,7.85
020351908,504,4,0.79
020351909,315,4,1.27
020351910,454,12,2.64
020351911,522,28,5.36
020352001,402,26,6.47
020352002,596,24,4.03
020352003,454,55,12.11
020352004,354,8,2.26
020352005,357,22,6.16
020352006,388,22,5.67
020352007,270,11,4.07
020352008,408,31,7.6
020352009,339,9,2.65
020352010,454,11,2.42
020352011,305,20,6.56
020352012,414,25,6.04
020352101,309,6,1.94
020352102,392,25,6.38
020352103,346,35,10.12
020352104,562,15,2.67
020352105,329,6,1.82
020352106,423,15,3.55
020352107,366,26,7.1
020352108,244,13,5.33
020352109,240,9,3.75
020352110,280,11,3.93
020352111,291,3,1.03
020352112,345,12,3.48
020352201,317,6,1.89
020352202,354,23,6.5
020352203,420,31,7.38
020352204,489,10,2.04
020352205,282,8,2.84
020352206,314,37,11.78
020352207,762,23,3.02
020352208,255,18,7.06
020352209,358,9,2.51
020352210,304,14,4.61
020352211,334,15,4.49
020352212,368,9,2.45
020352213,238,11,4.62
020420101,289,26,9.0
020420102,365,11,3.01
020420103,443,41,9.26
020420104,401,23,5.74
020420105,497,17,3.42
020420106,456,24,5.26
020420107,274,4,1.46
020420108,315,9,2.86
020420109,263,7,2.66
020420110,172,5,2.91
020420111,414,26,6.28
020420112,291,2,0.69
020420201,489,104,21.27
020420202,388,6,1.55
020420203,285,13,4.56
020420204,290,27,9.31
020420205,260,5,1.92
020420206,404,15,3.71
020420207,449,11,2.45
020420208,412,14,3.4
020420209,222,4,1.8
020420210,421,5,1.19
020420211,301,30,9.97
020420212,398,25,6.28
020420301,422,6,1.42
020420302,355,6,1.69
020420303,413,4,0.97
020420304,304,3,0.99
020420305,347,5,1.44
020420306,442,2,0.45
020420307,417,2,0.48
020420308,347,3,0.86
020420309,303,2,0.66
020420310,449,7,1.56
020420311,291,4,1.37
020420401,238,7,2.94
020420402,361,52,14.4
020420403,459,27,5.88
020420404,501,12,2.4
020420405,345,6,1.74
020420406,597,8,1.34
020420407,308,24,7.79
020420408,537,41,7.64
020420409,418,15,3.59
020420410,541,16,2.96
020420411,449,6,1.34
020420412,252,3,1.19
020420501,387,2,0.52
020420502,414,2,0.48
020420503,527,14,2.66
020420504,444,1,0.23
020420505,478,14,2.93
020420506,370,6,1.62
020420507,593,1,0.17
020420508,272,3,1.1
020420509,385,1,0.26
020420510,606,3,0.5
020420511,478,5,1.05
020420512,214,24,11.21
020420513,229,0,0.0
020420601,699,31,4.43
020420602,967,28,2.9
020420603,564,41,7.27
020420604,311,9,2.89
020420605,250,9,3.6
020420606,569,7,1.23
020420607,480,20,4.17
020420608,562,22,3.91
020420609,438,4,0.91
020420701,348,7,2.01
020420702,596,28,4.7
020420703,295,8,2.71
020420704,616,44,7.14
020420705,547,24,4.39
020420706,384,35,9.11
020420707,591,34,5.75
020420708,374,30,8.02
020420709,407,28,6.88
020420710,363,20,5.51
020420711,396,42,10.61
020420712,434,30,6.91
020420713,322,7,2.17
020420801,413,18,4.36
020420802,506,55,10.87
020420803,340,17,5.0
020420804,356,32,8.99
020420805,343,18,5.25
020420806,578,31,5.36
020420807,455,39,8.57
020420808,345,8,2.32
020420809,327,29,8.87
020420810,467,23,4.93
020420811,348,52,14.94
020420901,334,5,1.5
020420902,297,9,3.03
020420903,280,11,3.93
020420904,503,12,2.39
020420905,184,0,0.0
020420906,453,10,2.21
020420907,298,48,16.11
020420908,268,8,2.99
020420909,411,39,9.49
020420910,399,9,2.26
020421001,406,10,2.46
020421002,374,2,0.53
020421003,467,4,0.86
020421004,379,9,2.37
020421005,450,2,0.44
020421006,491,3,0.61
020421007,357,8,2.24
020421008,656,10,1.52
020421009,348,11,3.16
020421010,550,1,0.18
020421101,604,34,5.63
020421102,311,2,0.64
020421103,460,9,1.96
020421104,437,3,0.69
020421105,847,6,0.71
020421106,469,3,0.64
020421107,423,11,2.6
020421108,500,24,4.8
020421109,468,9,1.92
020421110,318,2,0.63
020421201,246,8,3.25
020421202,442,9,2.04
020421203,459,9,1.96
020421204,234,7,2.99
020421205,399,3,0.75
020421206,269,5,1.86
020421207,491,5,1.02
020421208,368,4,1.09
020421209,327,5,1.53
020421210,269,2,0.74
020421211,324,8,2.47
020421212,166,0,0.0
020421301,419,2,0.48
020421302,617,27,4.38
020421303,359,2,0.56
020421304,596,13,2.18
020421305,501,4,0.8
020421306,346,1,0.29
020421307,284,2,0.7
020421308,258,1,0.39
020421309,271,1,0.37
020421310,311,12,3.86
020421311,259,6,2.32
020421312,377,2,0.53
020421313,338,0,0.0
020421401,436,1,0.23
020421402,329,1,0.3
020421403,403,43,10.67
020421404,576,3,0.52
020421405,580,5,0.86
020421406,348,12,3.45
020421407,266,3,1.13
020421408,287,4,1.39
020421409,448,3,0.67
020421410,359,12,3.34
020421411,268,1,0.37
020421412,289,9,3.11
020421501,351,3,0.85
020421502,860,14,1.63
020421503,402,5,1.24
020421504,377,0,0.0
020421505,432,3,0.69
020421506,355,1,0.28
020421507,494,16,3.24
020421508,401,9,2.24
020421509,296,0,0.0
020421510,387,6,1.55
020421601,307,1,0.33
020421602,455,1,0.22
020421603,329,33,10.03
020421604,388,3,0.77
020421605,518,51,9.85
020421606,525,3,0.57
020421607,521,3,0.58
020421608,484,1,0.21
020421609,616,0,0.0
020421610,126,6,4.76
020421611,484,8,1.65
020421612,341,4,1.17
020421613,420,5,1.19
020421614,557,1,0.18
020421701,414,0,0.0
020421702,464,29,6.25
020421703,339,6,1.77
020421704,404,3,0.74
020421705,892,12,1.35
020421706,717,28,3.91
020421707,332,0,0.0
020421801,340,2,0.59
020421802,404,16,3.96
020421803,356,14,3.93
020421804,349,5,1.43
020421805,428,14,3.27
020421806,478,21,4.39
020421807,528,30,5.68
020421808,518,6,1.16
020421809,441,18,4.08
020421901,395,2,0.51
020421902,697,6,0.86
020421903,650,3,0.46
020421904,475,7,1.47
020421905,308,10,3.25
020421906,514,7,1.36
020421907,463,2,0.43
020421908,465,6,1.29
020422001,258,16,6.2
020422002,348,12,3.45
020422003,756,15,1.98
020422004,299,5,1.67
020422005,435,5,1.15
020422006,419,1,0.24
020422007,280,6,2.14
020422008,587,13,2.21
020422009,463,23,4.97
020422010,411,5,1.22
020422101,467,39,8.35
020422102,559,49,8.77
020422103,406,7,1.72
020422104,390,2,0.51
020422105,437,2,0.46
020422106,268,4,1.49
020422107,480,56,11.67
020422108,395,21,5.32
020422109,472,3,0.64
020422110,492,5,1.02
020422111,570,2,0.35
020422112,231,1,0.43
020490101,245,27,11.02
020490102,355,30,8.45
020490103,323,19,5.88
020490104,189,21,11.11
020490105,160,15,9.38
020490106,128,5,3.91
020490107,139,10,7.19
020490108,348,12,3.45
020490109,307,76,24.76
020490110,357,37,10.36
020490111,231,6,2.6
020490201,378,10,2.65
020490202,545,29,5.32
020490203,327,38,11.62
020490204,417,64,15.35
020490205,366,90,24.59
020490206,436,18,4.13
020490207,305,64,20.98
020490208,351,62,17.66
020490209,407,41,10.07
020490301,446,14,3.14
020490302,488,12,2.46
020490303,462,55,11.9
020490304,380,24,6.32
020490305,342,31,9.06
020490306,481,20,4.16
020490307,272,5,1.84
020490308,351,9,2.56
020490309,330,11,3.33
020490310,274,5,1.82
020490311,288,1,0.35
020490312,292,16,5.48
020490313,320,31,9.69
020490401,418,49,11.72
020490402,346,14,4.05
020490403,461,7,1.52
020490404,507,5,0.99
020490405,456,10,2.19
020490406,421,7,1.66
020490407,303,6,1.98
020490408,285,5,1.75
020490409,254,12,4.72
020490410,628,6,0.96
020490411,414,64,15.46
020490501,417,5,1.2
020490502,350,3,0.86
020490503,228,2,0.88
020490504,553,6,1.08
020490505,354,6,1.69
020490506,335,8,2.39
020490507,432,6,1.39
020490508,345,4,1.16
020490509,529,81,15.31
020490510,357,4,1.12
020490511,417,21,5.04
020490601,435,6,1.38
020490602,332,8,2.41
020490603,299,52,17.39
020490604,345,79,22.9
020490605,499,56,11.22
020490606,379,27,7.12
020490607,432,8,1.85
020490608,200,2,1.0
020490609,300,22,7.33
020490701,247,6,2.43
020490702,203,17,8.37
020490703,489,36,7.36
020490704,274,41,14.96
020490705,311,117,37.62
020490706,482,84,17.43
020490707,290,67,23.1
020490708,323,19,5.88
020490709,522,129,24.71
020490710,483,32,6.63
020490711,312,12,3.85
020490801,419,19,4.53
020490802,560,31,5.54
020490803,326,5,1.53
020490804,483,9,1.86
020490805,564,22,3.9
020490806,523,12,2.29
020490807,338,12,3.55
020490808,631,40,6.34
020490901,312,5,1.6
020490902,326,23,7.06
020490903,313,7,2.24
020490904,459,17,3.7
020490905,323,5,1.55
020490906,538,28,5.2
020490907,370,14,3.78
020490908,687,38,5.53
020490909,402,74,18.41
020490910,442,23,5.2
020490911,355,27,7.61
020491001,492,16,3.25
020491002,251,18,7.17
020491003,263,9,3.42
020491004,335,4,1.19
020491005,330,6,1.82
020491006,495,54,10.91
020491007,418,11,2.63
020491008,527,10,1.9
020491009,385,9,2.34
020491010,462,15,3.25
020491101,440,16,3.64
020491102,427,21,4.92
020491103,435,24,5.52
020491104,559,11,1.97
020491105,353,6,1.7
020491106,496,12,2.42
020491107,613,8,1.31
020491108,293,72,24.57
020491109,500,4,0.8
020491110,306,4,1.31
020491111,393,4,1.02
020491201,532,13,2.44
020491202,258,0,0.0
020491203,335,28,8.36
020491204,327,1,0.31
020491205,319,1,0.31
020491206,372,18,4.84
020491207,275,9,3.27
020491208,341,36,10.56
020491209,361,7,1.94
020491301,486,40,8.23
020491302,434,10,2.3
020491303,527,6,1.14
020491304,310,2,0.65
020491305,332,2,0.6
020491306,308,6,1.95
020491307,351,17,4.84
020491308,379,10,2.64
020491309,196,3,1.53
020491310,238,5,2.1
020491311,347,8,2.31
020491312,268,0,0.0
020491313,231,3,1.3
020491314,253,3,1.19
020491315,178,2,1.12
020491401,383,9,2.35
020491402,429,42,9.79
020491403,305,15,4.92
020491404,284,4,1.41
020491405,349,13,3.72
020491406,406,10,2.46
020491407,359,13,3.62
020491408,328,18,5.49
020491409,291,6,2.06
020491410,257,5,1.95
020491411,413,15,3.63
020491412,366,5,1.37
020491413,261,8,3.07
020491501,316,28,8.86
020491502,305,33,10.82
020491503,374,34,9.09
020491504,281,9,3.2
020491505,295,13,4.41
020491506,372,4,1.08
020491507,341,7,2.05
020491508,330,1,0.3
020491509,410,7,1.71
020491510,382,13,3.4
020491511,379,26,6.86
020491601,271,6,2.21
020491602,293,6,2.05
020491603,290,4,1.38
020491604,282,4,1.42
020491605,280,14,5.0
020491606,328,5,1.52
020491607,404,24,5.94
020491608,380,19,5.0
020491609,463,39,8.42
020491701,296,52,17.57
020491702,78,19,24.36
020491703,37,10,27.03
020491704,73,9,12.33
020491705,36,5,13.89
020491706,92,15,16.3
020491707,72,14,19.44
020491708,33,10,30.3
020491709,62,12,19.35
020491710,77,20,25.97
020491711,29,6,20.69
020491712,33,3,9.09
020491713,23,5,21.74
020491801,75,14,18.67
020491802,67,17,25.37
020491803,71,10,14.08
020491804,87,14,16.09
020491805,97,11,11.34
020491806,119,22,18.49
020491807,172,16,9.3
020491808,62,1,1.61
020491809,65,9,13.85
020491810,64,15,23.44
020491811,23,3,13.04
020491812,13,0,0.0
020491813,115,14,12.17
020491901,287,44,15.33
020491902,284,63,22.18
020491903,326,103,31.6
020491904,429,60,13.99
020491905,313,61,19.49
020491906,404,45,11.14
020492001,456,18,3.95
020492002,262,4,1.53
020492003,312,4,1.28
020492004,276,15,5.43
020492005,340,13,3.82
020492006,309,23,7.44
020492007,293,8,2.73
020492008,609,19,3.12
020492009,355,27,7.61
020492010,533,61,11.44
020492011,380,21,5.53
020492012,265,11,4.15
020492013,554,6,1.08
020492101,550,27,4.91
020492102,426,3,0.7
020492103,627,37,5.9
020492104,283,0,0.0
020492105,291,3,1.03
020492106,327,5,1.53
020492107,429,8,1.86
020492108,214,2,0.93
020492109,465,3,0.65
020492110,473,2,0.42
020492111,401,4,1.0
020492112,322,3,0.93
020492113,228,1,0.44
020492114,292,2,0.68
020492201,490,6,1.22
020492202,372,8,2.15
020492203,471,4,0.85
020492204,426,4,0.94
020492205,488,6,1.23
020492206,496,3,0.6
020492207,334,4,1.2
020492208,342,10,2.92
020492209,220,15,6.82
020492210,316,22,6.96
020492211,342,1,0.29
020492212,275,5,1.82
020492213,324,1,0.31
020492214,314,0,0.0
020492301,389,14,3.6
020492302,400,5,1.25
020492303,346,12,3.47
020492304,257,2,0.78
020492305,348,6,1.72
020492306,333,11,3.3
020492307,467,10,2.14
020492308,418,29,6.94
020492309,390,7,1.79
020492310,334,1,0.3
020492401,427,8,1.87
020492402,343,37,10.79
020492403,384,7,1.82
020492404,474,36,7.59
020492405,418,24,5.74
020492406,421,6,1.43
020492407,369,14,3.79
020492408,372,18,4.84
020492409,453,11,2.43
020492410,442,24,5.43
020492411,373,14,3.75
020560101,396,46,11.62
020560102,346,44,12.72
020560103,431,94,21.81
020560104,274,49,17.88
020560105,342,42,12.28
020560106,240,32,13.33
020560107,373,46,12.33
020560108,277,46,16.61
020560109,336,45,13.39
020560110,225,24,10.67
020560111,234,42,17.95
020560112,293,48,16.38
020560113,314,34,10.83
020560114,659,160,24.28
020560115,274,46,16.79
020560116,312,51,16.35
020560117,302,53,17.55
020560118,209,31,14.83
020560119,319,48,15.05
020560120,253,34,13.44
020560121,553,111,20.07
020560122,374,56,14.97
020560123,431,75,17.4
020560124,199,31,15.58
020560201,436,15,3.44
020560202,206,9,4.37
020560203,166,7,4.22
020560204,319,18,5.64
020560205,227,12,5.29
020560206,252,3,1.19
020560207,450,25,5.56
020560208,325,17,5.23
020560209,313,10,3.19
020560210,233,14,6.01
020560301,419,40,9.55
020560302,281,12,4.27
020560303,232,12,5.17
020560304,253,10,3.95
020560305,353,10,2.83
020560306,262,20,7.63
020560307,230,5,2.17
020560308,518,90,17.37
020560309,291,53,18.21
020560310,351,46,13.11
020560311,536,49,9.14
020560312,158,27,17.09
020560313,360,57,15.83
020560314,113,16,14.16
020560401,346,41,11.85
020560402,250,4,1.6
020560403,303,19,6.27
020560404,270,7,2.59
020560405,358,13,3.63
020560406,398,9,2.26
020560407,293,15,5.12
020560408,323,9,2.79
020560409,295,3,1.02
020560410,382,8,2.09
020560411,294,12,4.08
020560501,317,12,3.79
020560502,276,8,2.9
020560503,359,14,3.9
020560504,289,13,4.5
020560505,243,9,3.7
020560506,322,12,3.73
020560507,390,18,4.62
020560508,246,2,0.81
020560509,309,8,2.59
020560510,405,4,0.99
020560511,364,7,1.92
020560601,315,4,1.27
020560602,433,8,1.85
020560603,400,11,2.75
020560604,291,11,3.78
020560605,391,35,8.95
020560606,399,83,20.8
020560607,316,29,9.18
020560608,278,15,5.4
020560609,320,25,7.81
020560610,329,23,6.99
020560611,254,40,15.75
020560701,419,68,16.23
020560702,457,93,20.35
020560703,269,40,14.87
020560704,511,94,18.4
020560705,380,94,24.74
020560706,422,123,29.15
020560707,497,188,37.83
020560708,523,105,20.08
020560709,396,92,23.23
020560710,334,54,16.17
020560711,313,65,20.77
020560712,470,63,13.4
020560713,510,77,15.1
020560714,406,76,18.72
020560715,333,44,13.21
020560716,261,53,20.31
020560801,344,2,0.58
020560802,376,14,3.72
020560803,322,8,2.48
020560804,376,14,3.72
020560805,401,14,3.49
020560806,358,10,2.79
020560807,333,8,2.4
020560808,176,4,2.27
020560809,325,4,1.23
020560810,361,23,6.37
020560811,310,16,5.16
020560901,291,6,2.06
020560902,358,8,2.23
020560903,439,20,4.56
020560904,345,5,1.45
020560905,346,6,1.73
020560906,290,7,2.41
020560907,316,16,5.06
020560908,312,4,1.28
020560909,420,26,6.19
020561001,296,6,2.03
020561002,266,6,2.26
020561003,477,18,3.77
020561004,853,23,2.7
020561005,751,14,1.86
020561006,642,19,2.96
020561007,718,36,5.01
020561008,391,13,3.32
020561101,1033,27,2.61
020561102,772,29,3.76
020561103,1004,14,1.39
020561104,697,15,2.15
020561105,472,5,1.06
020561201,281,25,8.9
020561202,425,23,5.41
020561203,390,24,6.15
020561204,679,19,2.8
020561205,373,13,3.49
020561206,294,20,6.8
020561207,361,15,4.16
020561301,191,19,9.95
020561302,142,13,9.15
020561303,356,27,7.58
020561304,506,23,4.55
020561305,360,23,6.39
020561306,240,17,7.08
020561307,285,40,14.04
020561308,283,20,7.07
020561309,391,7,1.79
020561310,356,21,5.9
020561311,305,23,7.54
020561401,418,65,15.55
020561402,271,27,9.96
020561403,362,63,17.4
020561404,613,44,7.18
020561405,414,56,13.53
020561406,292,21,7.19
020561407,358,26,7.26
020561408,276,9,3.26
020561409,366,52,14.21
020561410,321,26,8.1
020561411,438,75,17.12
020561501,301,57,18.94
020561502,378,60,15.87
020561503,492,84,17.07
020561504,255,40,15.69
020561505,325,44,13.54
020561506,323,49,15.17
020561507,300,39,13.0
020561508,302,55,18.21
020561509,346,47,13.58
020561510,712,46,6.46
020561511,189,23,12.17
020561512,240,8,3.33
020561513,213,29,13.62
020561514,334,50,14.97
020561515,421,36,8.55
020561516,212,21,9.91
020561517,193,23,11.92
020561518,287,39,13.59
020561519,292,58,19.86
020561601,322,10,3.11
020561602,236,19,8.05
020561603,332,32,9.64
020561604,262,5,1.91
020561605,345,14,4.06
020561606,257,21,8.17
020561607,307,11,3.58
020561608,275,14,5.09
020561609,296,14,4.73
020561610,365,11,3.01
020561701,289,2,0.69
020561702,166,1,0.6
020561703,240,7,2.92
020561704,294,11,3.74
020561705,604,8,1.32
020561801,164,8,4.88
020561802,184,6,3.26
020561803,115,9,7.83
020561804,189,14,7.41
020561805,163,1,0.61
020561806,298,21,7.05
020561807,238,43,18.07
020561808,171,39,22.81
020561809,368,74,20.11
020630101,194,0,0.0
020630102,193,1,0.52
020630103,319,17,5.33
020630104,325,5,1.54
020630105,330,11,3.33
020630106,302,28,9.27
020630107,275,5,1.82
020630108,298,21,7.05
020630109,399,10,2.51
020630201,596,3,0.5
020630202,409,4,0.98
020630203,540,6,1.11
020630204,296,5,1.69
020630205,523,9,1.72
020630206,308,2,0.65
020630207,405,1,0.25
020630208,312,0,0.0
020630209,540,2,0.37
020630210,365,4,1.1
020630211,385,15,3.9
020630212,344,15,4.36
020630213,253,6,2.37
020630301,279,10,3.58
020630302,305,10,3.28
020630303,258,5,1.94
020630304,299,4,1.34
020630305,314,8,2.55
020630306,373,6,1.61
020630307,336,2,0.6
020630308,302,3,0.99
020630309,283,2,0.71
020630310,308,1,0.32
020630311,264,2,0.76
020630312,294,11,3.74
020630313,349,12,3.44
020630401,374,2,0.53
020630402,438,7,1.6
020630403,396,5,1.26
020630404,384,2,0.52
020630405,368,7,1.9
020630406,257,4,1.56
020630407,366,2,0.55
020630408,328,0,0.0
020630409,361,5,1.39
020630410,281,1,0.36
020630411,429,9,2.1
020630501,390,9,2.31
020630502,480,11,2.29
020630503,315,3,0.95
020630504,411,5,1.22
020630505,472,12,2.54
020630506,402,6,1.49
020630507,407,4,0.98
020630508,373,10,2.68
020630509,510,9,1.76
020630510,335,1,0.3
020630511,387,4,1.03
020630601,503,15,2.98
020630602,304,7,2.3
020630603,490,7,1.43
020630604,491,7,1.43
020630605,511,8,1.57
020630606,309,4,1.29
020630607,541,13,2.4
020630608,407,9,2.21
020630609,433,4,0.92
020630610,456,16,3.51
020630611,387,64,16.54
020630612,259,15,5.79
020630701,312,5,1.6
020630702,356,4,1.12
020630703,232,7,3.02
020630704,289,4,1.38
020630705,338,1,0.3
020630706,358,3,0.84
020630707,285,4,1.4
020630708,301,3,1.0
020630709,374,15,4.01
020630710,270,2,0.74
020630711,346,12,3.47
020630712,405,15,3.7
020630713,373,2,0.54
020630714,376,8,2.13
020630801,410,7,1.71
020630802,356,8,2.25
020630803,335,2,0.6
020630804,371,11,2.96
020630805,349,4,1.15
020630806,421,62,14.73
020630807,274,12,4.38
020630808,381,28,7.35
020630809,308,22,7.14
020630810,357,47,13.17
020630811,251,8,3.19
020630812,297,6,2.02
020630813,227,3,1.32
020630901,330,9,2.73
020630902,369,19,5.15
020630903,496,26,5.24
020630904,268,11,4.1
020630905,315,29,9.21
020630906,380,17,4.47
020630907,413,4,0.97
020630908,231,3,1.3
020630909,299,10,3.34
020630910,336,5,1.49
020630911,315,7,2.22
020630912,311,13,4.18
020630913,237,3,1.27
020630914,346,10,2.89
020631001,360,4,1.11
020631002,392,4,1.02
020631003,355,10,2.82
020631004,302,5,1.66
020631005,393,9,2.29
020631006,284,12,4.23
020631007,300,19,6.33
020631008,358,0,0.0
020631009,224,5,2.23
020631010,326,3,0.92
020631011,254,0,0.0
020631012,220,2,0.91
020631101,436,13,2.98
020631102,445,9,2.02
020631103,305,13,4.26
020631104,522,33,6.32
020631105,319,8,2.51
020631106,331,14,4.23
020631107,375,10,2.67
020631108,347,26,7.49
020631109,391,19,4.86
020631110,334,17,5.09
020631111,327,7,2.14
020631112,415,7,1.69
020631201,410,22,5.37
020631202,204,1,0.49
020631203,279,8,2.87
020631204,325,4,1.23
020631205,300,12,4.0
020631206,309,6,1.94
020631207,288,7,2.43
020631208,359,19,5.29
020631209,313,3,0.96
020631210,520,14,2.69
020631211,317,23,7.26
020631212,250,19,7.6
020631301,337,16,4.75
020631302,465,43,9.25
020631303,385,13,3.38
020631304,326,19,5.83
020631305,431,63,14.62
020631306,401,47,11.72
020631307,482,64,13.28
020631401,468,37,7.91
020631402,382,47,12.3
020631403,370,68,18.38
020631404,292,30,10.27
020631405,277,51,18.41
020631406,184,41,22.28
020631407,436,58,13.3
020631408,208,26,12.5
020631409,419,91,21.72
020631410,220,28,12.73
020631411,231,42,18.18
020631412,217,22,10.14
020631413,162,19,11.73
020631414,274,43,15.69
020631415,332,57,17.17
020631501,246,16,6.5
020631502,338,35,10.36
020631503,371,20,5.39
020631504,374,25,6.68
020631505,380,5,1.32
020631506,373,16,4.29
020631507,383,13,3.39
020631508,314,12,3.82
020631509,342,9,2.63
020631510,290,23,7.93
020631511,397,8,2.02
020631601,364,18,4.95
020631602,377,9,2.39
020631603,330,11,3.33
020631604,302,23,7.62
020631605,361,31,8.59
020631606,413,18,4.36
020631607,396,11,2.78
020631608,376,7,1.86
020631609,434,15,3.46
020631610,302,6,1.99
020631611,226,1,0.44
020631612,255,9,3.53
020631613,293,9,3.07
020700101,270,4,1.48
020700102,368,15,4.08
020700103,416,4,0.96
020700104,268,4,1.49
020700105,340,10,2.94
020700106,349,3,0.86
020700107,345,8,2.32
020700108,430,7,1.63
020700201,360,4,1.11
020700202,293,0,0.0
020700203,290,2,0.69
020700204,360,1,0.28
020700205,348,10,2.87
020700206,471,2,0.42
020700207,406,3,0.74
020700208,362,4,1.1
020700301,321,8,2.49
020700302,322,7,2.17
020700303,410,2,0.49
020700304,232,1,0.43
020700305,309,6,1.94
020700306,324,0,0.0
020700307,385,1,0.26
020700308,427,3,0.7
020700401,442,4,0.9
020700402,542,11,2.03
020700403,368,1,0.27
020700404,555,33,5.95
020700405,403,7,1.74
020700406,273,4,1.47
020700407,413,13,3.15
020700408,384,34,8.85
020700409,330,5,1.52
020700501,291,4,1.37
020700502,318,5,1.57
020700503,445,10,2.25
020700504,344,6,1.74
020700505,387,5,1.29
020700506,400,5,1.25
020700507,367,11,3.0
020700508,489,2,0.41
020700509,349,13,3.72
020700510,357,4,1.12
020700511,318,9,2.83
020700512,296,5,1.69
020700513,305,3,0.98
020700514,324,3,0.93
020700601,283,4,1.41
020700602,313,1,0.32
020700603,405,6,1.48
020700604,346,3,0.87
020700605,464,6,1.29
020700606,421,21,4.99
020700607,339,6,1.77
020700608,472,8,1.69
020700609,293,7,2.39
020700610,609,47,7.72
020700611,350,15,4.29
020700612,323,9,2.79
020700613,550,9,1.64
020700614,295,7,2.37
020700701,629,14,2.23
020700702,586,5,0.85
020700703,549,5,0.91
020700704,555,7,1.26
020700705,573,43,7.5
020700706,382,19,4.97
020700707,521,3,0.58
020700708,408,3,0.74
020700709,447,16,3.58
020700710,472,13,2.75
020700801,412,7,1.7
020700802,470,7,1.49
020700803,321,3,0.93
020700804,500,6,1.2
020700805,399,4,1.0
020700806,371,1,0.27
020700807,491,7,1.43
020700808,497,14,2.82
020700809,285,17,5.96
020700901,461,12,2.6
020700902,419,3,0.72
020700903,373,9,2.41
020700904,343,5,1.46
020700905,315,5,1.59
020700906,392,9,2.3
020700907,354,4,1.13
020700908,343,9,2.62
020700909,294,2,0.68
020700910,358,5,1.4
020701001,339,14,4.13
020701002,426,24,5.63
020701003,360,7,1.94
020701004,297,0,0.0
020701005,380,7,1.84
020701006,347,13,3.75
020701007,320,3,0.94
020701008,393,19,4.83
020701009,436,15,3.44
020701010,307,6,1.95
020701011,349,17,4.87
020701012,378,8,2.12
020701101,381,16,4.2
020701102,407,5,1.23
020701103,424,20,4.72
020701104,303,15,4.95
020701105,223,10,4.48
020701106,143,10,6.99
020701107,329,16,4.86
020701108,361,32,8.86
020701109,406,52,12.81
020701110,334,4,1.2
020701111,246,3,1.22
020701201,379,19,5.01
020701202,425,8,1.88
020701203,329,84,25.53
020701204,268,61,22.76
020701205,130,4,3.08
020701206,135,8,5.93
020701207,267,15,5.62
020701208,345,8,2.32
020701209,382,6,1.57
020701210,321,6,1.87
020701301,246,5,2.03
020701302,413,6,1.45
020701303,262,5,1.91
020701304,255,7,2.75
020701305,366,5,1.37
020701306,333,5,1.5
020701307,291,5,1.72
020701308,298,3,1.01
020701309,302,11,3.64
020701310,283,1,0.35
020701311,287,5,1.74
020701312,279,5,1.79
020701401,388,3,0.77
020701402,442,8,1.81
020701403,417,10,2.4
020701404,369,10,2.71
020701405,286,2,0.7
020701406,219,0,0.0
020701407,353,14,3.97
020701408,317,8,2.52
020701409,390,13,3.33
020701410,485,7,1.44
020701411,253,42,16.6
020701501,279,2,0.72
020701502,370,5,1.35
020701503,254,8,3.15
020701504,294,4,1.36
020701505,368,4,1.09
020701506,376,4,1.06
020701507,408,56,13.73
020701508,448,3,0.67
020701509,486,9,1.85
020701601,365,24,6.58
020701602,502,0,0.0
020701603,438,0,0.0
020701604,413,2,0.48
020701605,250,1,0.4
020701606,529,7,1.32
020701607,329,5,1.52
020701608,478,8,1.67
020701609,415,3,0.72
020701610,261,3,1.15
020701701,383,2,0.52
020701702,542,5,0.92
020701703,568,14,2.46
020701704,462,2,0.43
020701705,451,23,5.1
020701706,438,10,2.28
020701707,369,6,1.63
020701708,305,3,0.98
020701709,275,5,1.82
020701710,410,7,1.71
020701801,325,5,1.54
020701802,390,7,1.79
020701803,358,6,1.68
020701804,453,60,13.25
020701805,307,3,0.98
020701806,285,14,4.91
020701807,354,6,1.69
020701808,311,16,5.14
020701809,323,9,2.79
020701810,227,7,3.08
020701811,225,13,5.78
020701812,320,4,1.25
020701901,269,31,11.52
020701902,546,122,22.34
020701903,325,50,15.38
020701904,408,59,14.46
020701905,441,42,9.52
020701906,482,45,9.34
020701907,414,13,3.14
020701908,248,11,4.44
020701909,372,20,5.38
020701910,322,15,4.66
020701911,529,23,4.35
020701912,496,17,3.43
020701913,275,71,25.82
020770101,392,3,0.77
020770102,445,3,0.67
020770103,305,5,1.64
020770104,368,3,0.82
020770105,263,5,1.9
020770106,358,5,1.4
020770107,422,5,1.18
020770108,509,5,0.98
020770109,272,4,1.47
020770110,352,2,0.57
020770111,507,6,1.18
020770112,388,2,0.52
020770113,242,3,1.24
020770114,259,0,0.0
020770201,348,13,3.74
020770202,588,10,1.7
020770203,404,6,1.49
020770204,322,10,3.11
020770205,439,2,0.46
020770206,388,3,0.77
020770207,406,4,0.99
020770208,365,0,0.0
020770209,301,1,0.33
020770210,395,2,0.51
020770211,313,4,1.28
020770301,320,2,0.62
020770302,351,2,0.57
020770303,315,1,0.32
020770304,234,1,0.43
020770305,403,1,0.25
020770306,318,3,0.94
020770307,345,2,0.58
020770308,328,13,3.96
020770309,383,2,0.52
020770310,301,1,0.33
020770311,394,4,1.02
020770312,305,2,0.66
020770401,310,6,1.94
020770402,327,2,0.61
020770403,259,1,0.39
020770404,346,0,0.0
020770405,331,4,1.21
020770406,276,1,0.36
020770407,290,0,0.0
020770408,490,4,0.82
020770409,472,3,0.64
020770410,302,1,0.33
020770411,467,4,0.86
020770412,429,3,0.7
020770413,350,5,1.43
020770501,292,0,0.0
020770502,352,3,0.85
020770503,317,1,0.32
020770504,298,4,1.34
020770505,398,2,0.5
020770506,357,1,0.28
020770507,314,6,1.91
020770508,344,2,0.58
020770509,320,7,2.19
020770510,353,3,0.85
020770601,385,6,1.56
020770602,524,6,1.15
020770603,528,11,2.08
020770604,568,13,2.29
020770605,539,31,5.75
020770606,458,54,11.79
020770607,454,9,1.98
020770608,389,20,5.14
020770609,339,10,2.95
020770610,260,6,2.31
020770611,380,31,8.16
020770701,211,9,4.27
020770702,395,10,2.53
020770703,337,8,2.37
020770704,425,43,10.12
020770705,442,10,2.26
020770706,426,22,5.16
020770707,354,6,1.69
020770708,352,12,3.41
020770709,443,11,2.48
020770710,423,12,2.84
020770711,476,18,3.78
020770712,366,25,6.83
020770801,381,23,6.04
020770802,373,4,1.07
020770803,279,1,0.36
020770804,357,18,5.04
020770805,384,5,1.3
020770806,466,9,1.93
020770807,448,7,1.56
020770808,475,16,3.37
020770809,449,32,7.13
020770901,392,9,2.3
020770902,315,4,1.27
020770903,432,5,1.16
020770904,280,3,1.07
020770905,376,4,1.06
020770906,332,3,0.9
020770907,338,7,2.07
020770908,350,1,0.29
020770909,291,2,0.69
020770910,429,9,2.1
020770911,311,6,1.93
020770912,373,14,3.75
020771001,411,3,0.73
020771002,537,11,2.05
020771003,363,3,0.83
020771004,439,4,0.91
020771005,536,12,2.24
020771006,662,19,2.87
020771007,599,12,2.0
020771008,312,6,1.92
020771009,534,7,1.31
020771010,445,21,4.72
020771011,293,15,5.12
020771101,318,24,7.55
020771102,420,19,4.52
020771103,365,17,4.66
020771104,126,16,12.7
020771105,391,20,5.12
020771106,420,29,6.9
020771107,372,13,3.49
020771108,361,22,6.09
020771109,289,10,3.46
020771201,376,8,2.13
020771202,338,16,4.73
020771203,499,9,1.8
020771204,373,4,1.07
020771205,273,5,1.83
020771206,355,3,0.85
020771207,298,13,4.36
020771208,293,6,2.05
020771209,335,4,1.19
020771210,443,7,1.58
020771301,392,2,0.51
020771302,395,5,1.27
020771303,363,11,3.03
020771304,473,3,0.63
020771305,399,4,1.0
020771306,437,3,0.69
020771307,318,2,0.63
020771308,313,0,0.0
020771309,455,7,1.54
020771310,400,9,2.25
020771311,397,3,0.76
020771401,405,7,1.73
020771402,374,5,1.34
020771403,406,7,1.72
020771404,311,1,0.32
020771405,389,3,0.77
020771406,310,2,0.65
020771407,682,5,0.73
020771408,407,4,0.98
020771501,440,15,3.41
020771502,353,10,2.83
020771503,437,3,0.69
020771504,403,7,1.74
020771505,401,6,1.5
020771506,268,1,0.37
020771507,340,7,2.06
020771508,412,9,2.18
020771509,490,5,1.02
020771510,366,3,0.82
020771511,509,47,9.23
020771601,429,3,0.7
020771602,259,0,0.0
020771603,382,19,4.97
020771604,343,10,2.92
020771605,533,14,2.63
020771606,439,5,1.14
020771607,490,17,3.47
020771608,494,8,1.62
020771609,372,3,0.81
020771610,298,8,2.68
020771611,290,8,2.76
020771701,322,6,1.86
020771702,320,2,0.62
020771703,393,4,1.02
020771704,325,6,1.85
020771705,290,4,1.38
020771706,333,7,2.1
020771707,322,12,3.73
020771708,286,13,4.55
020771801,307,3,0.98
020771802,353,5,1.42
020771803,439,6,1.37
020771804,516,32,6.2
020771805,540,10,1.85
020771806,371,24,6.47
020771807,344,11,3.2
020771808,282,14,4.96
020771809,251,6,2.39
020771810,483,6,1.24
020771901,271,25,9.23
020771902,391,3,0.77
020771903,295,1,0.34
020771904,365,15,4.11
020771905,327,13,3.98
020771906,380,18,4.74
020771907,331,10,3.02
020771908,308,14,4.55
020771909,351,18,5.13
020772001,322,3,0.93
020772002,354,14,3.95
020772003,579,54,9.33
020772004,328,44,13.41
020772005,390,4,1.03
020772006,283,11,3.89
020772007,326,2,0.61
020772008,230,16,6.96
020772009,297,11,3.7
020772010,335,5,1.49
020772011,259,5,1.93
020772101,343,26,7.58
020772102,319,18,5.64
020772103,491,47,9.57
020772104,432,60,13.89
020772105,215,4,1.86
020772106,373,21,5.63
020772107,303,18,5.94
020772108,287,15,5.23
020772109,268,3,1.12
020772110,317,28,8.83
020772111,335,23,6.87
020772112,272,2,0.74
020772201,344,10,2.91
020772202,332,13,3.92
020772203,363,8,2.2
020772204,291,9,3.09
020772205,337,9,2.67
020772206,498,14,2.81
020772207,361,18,4.99
020772208,326,5,1.53
020772209,290,4,1.38
020772210,391,4,1.02
020772211,426,1,0.23
020840101,224,3,1.34
020840102,291,10,3.44
020840103,237,3,1.27
020840104,361,2,0.55
020840105,253,3,1.19
020840106,359,1,0.28
020840107,466,15,3.22
020840108,303,6,1.98
020840109,410,17,4.15
020840110,501,17,3.39
020840111,457,10,2.19
020840201,368,16,4.35
020840202,399,9,2.26
020840203,470,29,6.17
020840204,601,3,0.5
020840205,457,2,0.44
020840206,452,9,1.99
020840207,457,8,1.75
020840208,452,6,1.33
020840209,323,9,2.79
020840301,191,1,0.52
020840302,304,3,0.99
020840303,392,2,0.51
020840304,347,11,3.17
020840305,389,5,1.29
020840306,440,15,3.41
020840307,387,4,1.03
020840308,279,4,1.43
020840309,245,3,1.22
020840310,420,37,8.81
020840311,369,3,0.81
020840401,493,6,1.22
020840402,562,12,2.14
020840403,601,10,1.66
020840404,382,1,0.26
020840405,312,11,3.53
020840406,391,17,4.35
020840407,437,8,1.83
020840408,213,3,1.41
020840409,271,5,1.85
020840410,333,6,1.8
020840501,366,3,0.82
020840502,335,21,6.27
020840503,378,5,1.32
020840504,268,3,1.12
020840505,372,2,0.54
020840506,370,7,1.89
020840507,373,1,0.27
020840508,398,2,0.5
020840509,317,5,1.58
020840510,337,28,8.31
020840511,327,4,1.22
020840512,378,4,1.06
020840601,434,6,1.38
020840602,532,12,2.26
020840603,364,4,1.1
020840604,425,1,0.24
020840605,489,6,1.23
020840606,344,3,0.87
020840607,369,3,0.81
020840608,495,0,0.0
020840609,498,6,1.2
020840610,380,3,0.79
020840701,468,13,2.78
020840702,358,7,1.96
020840703,384,5,1.3
020840704,412,3,0.73
020840705,369,6,1.63
020840706,453,11,2.43
020840707,378,25,6.61
020840708,412,12,2.91
020840709,324,1,0.31
020840710,305,21,6.89
020840711,331,15,4.53
020840712,214,3,1.4
020840713,379,9,2.37
020840801,544,6,1.1
020840802,367,0,0.0
020840803,370,0,0.0
020840804,350,2,0.57
020840805,354,3,0.85
020840806,448,7,1.56
020840807,385,26,6.75
020840808,606,10,1.65
020840809,463,5,1.08
020840810,325,7,2.15
020840811,288,0,0.0
020840812,364,12,3.3
020840901,497,36,7.24
020840902,408,15,3.68
020840903,379,19,5.01
020840904,593,4,0.67
020840905,564,22,3.9
020840906,470,6,1.28
020840907,421,6,1.43
020840908,299,10,3.34
020841001,542,5,0.92
020841002,389,2,0.51
020841003,394,1,0.25
020841004,327,3,0.92
020841005,351,5,1.42
020841006,498,2,0.4
020841007,503,8,1.59
020841008,406,5,1.23
020841009,436,5,1.15
020841010,332,4,1.2
020841011,564,10,1.77
020841012,400,2,0.5
020841013,317,2,0.63
020841101,403,4,0.99
020841102,302,11,3.64
020841103,440,11,2.5
020841104,375,4,1.07
020841105,318,0,0.0
020841106,390,6,1.54
020841107,357,2,0.56
020841108,353,7,1.98
020841109,447,7,1.57
020841110,328,13,3.96
020841111,530,10,1.89
020841112,312,1,0.32
020841113,169,2,1.18
020841201,419,11,2.63
020841202,757,6,0.79
020841203,530,8,1.51
020841204,421,10,2.38
020841205,478,7,1.46
020841206,317,6,1.89
020841207,461,22,4.77
020841208,308,4,1.3
020841209,308,3,0.97
020841301,551,6,1.09
020841302,582,23,3.95
020841303,288,7,2.43
020841304,545,11,2.02
020841305,365,5,1.37
020841306,546,13,2.38
020841307,432,7,1.62
020841308,391,2,0.51
020841309,605,7,1.16
020841310,334,8,2.4
020841311,371,4,1.08
020841401,400,23,5.75
020841402,451,4,0.89
020841403,447,4,0.89
020841404,528,11,2.08
020841405,477,1,0.21
020841406,454,5,1.1
020841407,782,17,2.17
020841408,486,2,0.41
020841409,745,5,0.67
020841410,460,3,0.65
020841411,418,7,1.67
020841412,256,1,0.39
020841501,321,4,1.25
020841502,348,5,1.44
020841503,219,1,0.46
020841504,473,8,1.69
020841505,558,5,0.9
020841506,423,5,1.18
020841507,475,11,2.32
020841508,531,13,2.45
020841509,725,4,0.55
020841510,552,2,0.36
020841511,346,1,0.29
020841512,340,4,1.18
020841513,253,4,1.58
020841514,350,1,0.29
020841515,279,0,0.0
020841516,440,2,0.45
020841601,513,10,1.95
020841602,492,10,2.03
020841603,599,8,1.34
020841604,278,3,1.08
020841605,286,28,9.79
020841606,453,4,0.88
020841607,513,5,0.97
020841608,562,4,0.71
020841609,445,15,3.37
020841610,562,4,0.71
020841611,422,3,0.71
020841612,400,8,2.0
020841613,291,10,3.44
020841614,176,3,1.7
020841615,374,4,1.07
020841616,347,3,0.86
020841617,506,3,0.59
020841618,329,3,0.91
020841619,297,2,0.67
020841620,327,2,0.61
020841621,340,2,0.59
020841701,453,5,1.1
020841702,436,4,0.92
020841703,449,3,0.67
020841704,439,3,0.68
020841705,626,2,0.32
020841706,520,1,0.19
020841707,548,6,1.09
020841708,226,3,1.33
020841709,347,2,0.58
020841710,501,6,1.2
020841801,335,12,3.58
020841802,425,10,2.35
020841803,451,15,3.33
020841804,427,5,1.17
020841805,428,17,3.97
020841806,448,2,0.45
020841807,406,4,0.99
020841808,421,17,4.04
020841809,384,4,1.04
020841810,487,2,0.41
020841811,287,3,1.05
020841812,284,4,1.41
020841813,388,3,0.77
020841814,266,0,0.0
020841815,219,2,0.91
020841901,415,3,0.72
020841902,250,1,0.4
020841903,280,1,0.36
020841904,361,11,3.05
020841905,535,6,1.12
020841906,437,2,0.46
020841907,357,9,2.52
020841908,402,39,9.7
020841909,459,4,0.87
020841910,374,5,1.34
020841911,439,3,0.68
020841912,399,4,1.0
020841913,315,5,1.59
020842001,352,3,0.85
020842002,350,15,4.29
020842003,330,5,1.52
020842004,575,25,4.35
020842005,452,2,0.44
020842006,640,5,0.78
020842007,521,23,4.41
020842008,543,12,2.21
020842009,414,5,1.21
020842010,331,4,1.21
020842101,296,7,2.36
020842102,352,20,5.68
020842103,324,4,1.23
020842104,618,10,1.62
020842105,371,5,1.35
020842106,355,5,1.41
020842107,470,3,0.64
020842108,475,40,8.42
020842109,335,6,1.79
020842110,402,9,2.24
020842111,396,10,2.53
020842112,353,6,1.7
020842113,393,30,7.63
020842201,328,4,1.22
020842202,426,8,1.88
020842203,394,11,2.79
020842204,344,6,1.74
020842205,456,24,5.26
020842206,464,11,2.37
020842207,368,13,3.53
020842208,436,20,4.59
020842209,280,15,5.36
020842210,470,15,3.19
020842211,503,4,0.8
020842212,297,11,3.7
020842213,236,1,0.42
020842214,225,4,1.78
020842215,315,14,4.44
020910101,600,1,0.17
020910102,417,5,1.2
020910103,429,3,0.7
020910104,363,1,0.28
020910105,670,2,0.3
020910106,659,9,1.37
020910107,307,3,0.98
020910108,326,1,0.31
020910109,301,0,0.0
020910110,387,0,0.0
020910111,314,7,2.23
020910112,276,2,0.72
020910113,279,2,0.72
020910114,308,5,1.62
020910115,229,3,1.31
020910201,324,2,0.62
020910202,442,2,0.45
020910203,405,1,0.25
020910204,353,4,1.13
020910205,511,2,0.39
020910206,484,0,0.0
020910207,385,2,0.52
020910208,358,2,0.56
020910209,528,6,1.14
020910210,636,3,0.47
020910211,345,0,0.0
020910212,394,15,3.81
020910213,346,2,0.58
020910301,556,4,0.72
020910302,318,3,0.94
020910303,443,2,0.45
020910304,306,1,0.33
020910305,506,3,0.59
020910306,433,10,2.31
020910307,420,14,3.33
020910308,552,3,0.54
020910309,475,9,1.89
020910310,330,21,6.36
020910311,281,0,0.0
020910312,250,0,0.0
020910313,293,1,0.34
020910401,514,4,0.78
020910402,480,5,1.04
020910403,431,8,1.86
020910404,564,34,6.03
020910405,491,11,2.24
020910406,530,6,1.13
020910407,410,3,0.73
020910408,401,4,1.0
020910409,414,6,1.45
020910410,329,2,0.61
020910411,445,28,6.29
020910412,119,2,1.68
020910413,378,7,1.85
020910414,378,5,1.32
020910415,365,1,0.27
020910416,316,1,0.32
020910501,400,13,3.25
020910502,600,4,0.67
020910503,299,1,0.33
020910504,526,3,0.57
020910505,490,1,0.2
020910506,513,7,1.36
020910507,513,10,1.95
020910508,734,2,0.27
020910509,375,2,0.53
020910510,346,2,0.58
020910511,397,5,1.26
020910512,238,1,0.42
020910601,354,2,0.56
020910602,516,6,1.16
020910603,471,20,4.25
020910604,560,18,3.21
020910605,615,5,0.81
020910606,497,5,1.01
020910607,562,27,4.8
020910608,377,21,5.57
020910701,280,0,0.0
020910702,257,3,1.17
020910703,674,5,0.74
020910704,463,4,0.86
020910705,499,3,0.6
020910706,443,2,0.45
020910707,461,5,1.08
020910708,413,5,1.21
020910709,636,0,0.0
020910801,395,5,1.27
020910802,357,9,2.52
020910803,358,5,1.4
020910804,554,3,0.54
020910805,719,7,0.97
020910806,338,2,0.59
020910807,348,0,0.0
020910808,545,5,0.92
020910809,480,3,0.62
020910810,344,2,0.58
020910811,323,1,0.31
020910901,335,4,1.19
020910902,476,7,1.47
020910903,290,0,0.0
020910904,400,2,0.5
020910905,356,4,1.12
020910906,402,2,0.5
020910907,368,5,1.36
020910908,413,2,0.48
020910909,413,2,0.48
020910910,369,26,7.05
020910911,268,3,1.12
020911001,498,4,0.8
020911002,299,2,0.67
020911003,266,5,1.88
020911004,259,3,1.16
020911005,434,9,2.07
020911006,416,2,0.48
020911007,390,4,1.03
020911008,527,4,0.76
020911009,374,2,0.53
020911010,484,5,1.03
020911011,343,2,0.58
020911012,239,5,2.09
020911013,289,0,0.0
020911014,471,11,2.34
020911015,290,5,1.72
020911101,178,5,2.81
020911102,330,2,0.61
020911103,249,4,1.61
020911104,258,5,1.94
020911105,223,0,0.0
020911106,443,5,1.13
020911107,401,13,3.24
020911201,361,5,1.39
020911202,326,2,0.61
020911203,251,4,1.59
020911204,400,10,2.5
020911205,570,0,0.0
020911206,280,4,1.43
020911207,405,5,1.23
020911208,322,2,0.62
020911209,519,9,1.73
020911210,318,1,0.31
020911301,399,4,1.0
020911302,185,17,9.19
020911303,399,2,0.5
020911304,474,3,0.63
020911305,459,6,1.31
020911306,188,1,0.53
020911307,466,6,1.29
020911308,292,0,0.0
020911309,290,3,1.03
020911310,392,0,0.0
020911311,238,1,0.42
020911312,313,0,0.0
020911313,266,4,1.5
020911314,456,4,0.88
020911315,323,1,0.31
020911401,381,7,1.84
020911402,170,1,0.59
020911403,401,5,1.25
020911404,314,1,0.32
020911405,263,5,1.9
020911406,426,3,0.7
020911407,189,2,1.06
020911408,318,3,0.94
020911409,309,2,0.65
020911410,335,5,1.49
020911411,305,5,1.64
020911501,382,2,0.52
020911502,421,7,1.66
020911503,380,8,2.11
020911504,255,9,3.53
020911505,542,1,0.18
020911506,318,4,1.26
020911507,424,14,3.3
020911508,405,5,1.23
020911509,496,0,0.0
020911510,443,8,1.81
020911511,447,11,2.46
020911512,331,25,7.55
020911601,584,8,1.37
020911602,478,7,1.46
020911603,383,3,0.78
020911604,456,4,0.88
020911605,290,10,3.45
020911606,328,3,0.91
020911607,492,6,1.22
020911608,368,2,0.54
020911609,409,17,4.16
020911610,450,5,1.11
020911611,454,4,0.88
020911612,422,2,0.47
020911613,246,1,0.41
020911701,444,7,1.58
020911702,294,1,0.34
020911703,613,13,2.12
020911704,286,1,0.35
020911705,525,7,1.33
020911706,403,5,1.24
020911707,475,5,1.05
020911708,334,4,1.2
020911709,552,7,1.27
020911710,483,0,0.0
020911711,332,1,0.3
020911712,320,2,0.62
020911713,508,7,1.38
020911801,480,4,0.83
020911802,399,11,2.76
020911803,450,13,2.89
020911804,331,17,5.14
020911805,315,7,2.22
020911806,293,5,1.71
020911807,397,7,1.76
020911808,315,2,0.63
020911809,191,0,0.0
020911810,309,16,5.18
020911901,373,0,0.0
020911902,447,5,1.12
020911903,354,3,0.85
020911904,332,3,0.9
020911905,398,4,1.01
020911906,224,2,0.89
020911907,262,36,13.74
020911908,320,4,1.25
020911909,363,3,0.83
020911910,491,1,0.2
020911911,185,3,1.62
020911912,291,2,0.69
020912001,341,5,1.47
020912002,441,27,6.12
020912003,254,4,1.57
020912004,358,4,1.12
020912005,358,2,0.56
020912006,541,17,3.14
020912007,412,3,0.73
020912008,512,1,0.2
020912009,360,2,0.56
020912010,315,2,0.63
020912011,305,10,3.28
020912012,379,7,1.85
020912101,296,2,0.68
020912102,183,2,1.09
020912103,278,4,1.44
020912104,320,6,1.88
020912105,340,4,1.18
020912106,358,28,7.82
020912107,523,21,4.02
020912108,386,1,0.26
020912109,566,10,1.77
020912110,367,2,0.54
020912201,492,3,0.61
020912202,265,4,1.51
020912203,277,1,0.36
020912204,359,1,0.28
020912205,446,8,1.79
020912206,439,3,0.68
020912207,515,1,0.19
020912208,493,13,2.64
020912209,344,24,6.98
020912301,438,5,1.14
020912302,329,3,0.91
020912303,649,4,0.62
020912304,330,3,0.91
020912305,292,4,1.37
020912306,445,8,1.8
020912307,303,2,0.66
020912308,590,12,2.03
020912309,540,14,2.59
020912310,257,2,0.78
020912311,492,4,0.81
020912312,224,3,1.34
020912401,247,3,1.21
020912402,307,1,0.33
020912403,348,25,7.18
020912404,440,3,0.68
020912405,308,1,0.32
020912406,430,6,1.4
020912407,373,27,7.24
020912408,412,4,0.97
020912409,431,10,2.32
020912410,325,0,0.0
020912501,270,7,2.59
020912502,303,8,2.64
020912503,410,7,1.71
020912504,348,8,2.3
020912505,247,2,0.81
020912506,320,1,0.31
020912507,662,7,1.06
020912508,533,16,3.0
020912601,440,42,9.55
020912602,407,19,4.67
020912603,313,8,2.56
020912604,425,28,6.59
020912605,316,4,1.27
020912606,246,3,1.22
020912607,278,1,0.36
020912608,236,8,3.39
020912609,289,22,7.61
020912610,472,3,0.64
020912611,328,1,0.3
020912701,225,0,0.0
020912702,437,3,0.69
020912703,511,1,0.2
020912704,359,12,3.34
020912705,338,3,0.89
020912706,541,26,4.81
020912707,196,5,2.55
020912708,357,2,0.56
020912709,475,2,0.42
020912710,260,1,0.38
020912711,315,6,1.9
020912801,314,44,14.01
020912802,234,2,0.85
020912803,321,5,1.56
020912804,234,23,9.83
020912805,337,3,0.89
020912806,429,0,0.0
020912807,395,15,3.8
020912808,556,8,1.44
020912809,454,2,0.44
020912810,325,0,0.0
020912901,252,24,9.52
020912902,329,17,5.17
020912903,295,7,2.37
020912904,374,8,2.14
020912905,297,12,4.04
020912906,372,1,0.27
020912907,438,5,1.14
020912908,513,5,0.97
020912909,295,1,0.34
020912910,199,0,0.0
020912911,367,10,2.72
020980101,209,28,13.4
020980102,181,0,0.0
020980103,391,4,1.02
020980104,357,56,15.69
020980105,508,19,3.74
020980106,418,3,0.72
020980107,363,16,4.41
020980108,291,4,1.37
020980109,335,3,0.9
020980110,482,22,4.56
020980201,476,11,2.31
020980202,323,17,5.26
020980203,504,11,2.18
020980204,345,20,5.8
020980205,399,28,7.02
020980206,304,2,0.66
020980207,318,10,3.14
020980208,384,6,1.56
020980209,442,7,1.58
020980210,546,11,2.01
020980301,752,17,2.26
020980302,294,0,0.0
020980303,361,24,6.65
020980304,373,5,1.34
020980305,489,17,3.48
020980306,283,5,1.77
020980307,316,8,2.53
020980308,523,7,1.34
020980309,497,1,0.2
020980310,422,2,0.47
020980311,402,4,1.0
020980312,331,1,0.3
020980401,318,0,0.0
020980402,214,2,0.93
020980403,267,6,2.25
020980404,339,2,0.59
020980405,318,1,0.31
020980406,531,10,1.88
020980407,502,9,1.79
020980408,619,14,2.26
020980409,492,9,1.83
020980410,974,9,0.92
020980501,271,1,0.37
020980502,345,0,0.0
020980503,507,9,1.78
020980504,276,4,1.45
020980505,504,8,1.59
020980506,345,1,0.29
020980507,359,18,5.01
020980508,357,9,2.52
020980509,562,1,0.18
020980510,574,12,2.09
020980601,249,8,3.21
020980602,315,5,1.59
020980603,608,58,9.54
020980604,555,4,0.72
020980605,420,3,0.71
020980606,602,39,6.48
020980607,415,3,0.72
020980608,308,16,5.19
020980609,403,18,4.47
020980610,303,2,0.66
020980611,244,5,2.05
020980612,314,5,1.59
020980613,357,23,6.44
020980701,307,14,4.56
020980702,306,4,1.31
020980703,468,5,1.07
020980704,497,13,2.62
020980705,364,19,5.22
020980706,349,40,11.46
020980707,364,20,5.49
020980708,331,8,2.42
020980709,322,16,4.97
020980710,255,3,1.18
020980711,291,8,2.75
020980712,270,7,2.59
020980713,252,3,1.19
020980714,168,4,2.38
020980715,220,14,6.36
020980716,195,4,2.05
020980801,166,3,1.81
020980802,302,2,0.66
020980803,213,6,2.82
020980804,341,37,10.85
020980805,664,4,0.6
020980806,618,38,6.15
020980807,342,5,1.46
020980808,464,1,0.22
020980809,386,10,2.59
020980810,215,1,0.47
020980811,272,2,0.74
020980812,208,3,1.44
020980813,236,5,2.12
020980814,229,2,0.87
020980815,276,0,0.0
020980901,477,37,7.76
020980902,303,13,4.29
020980903,304,11,3.62
020980904,646,20,3.1
020980905,237,3,1.27
020980906,386,6,1.55
020980907,312,0,0.0
020980908,414,7,1.69
020980909,516,10,1.94
020980910,470,6,1.28
020980911,363,3,0.83
020980912,519,30,5.78
020980913,442,14,3.17
020980914,338,2,0.59
020980915,390,2,0.51
020980916,179,14,7.82
020981001,65,5,7.69
020981002,21,2,9.52
020981101,608,6,0.99
020981102,180,0,0.0
020981103,428,7,1.64
020981104,359,6,1.67
020981105,481,8,1.66
020981106,397,2,0.5
020981107,370,13,3.51
020981108,635,4,0.63
020981109,525,19,3.62
020981110,279,2,0.72
020981111,364,4,1.1
020981112,505,7,1.39
020981113,155,0,0.0
020981114,258,2,0.78
020981115,297,1,0.34
020981116,231,1,0.43
020981117,243,3,1.23
020981201,356,40,11.24
020981202,434,20,4.61
020981203,438,6,1.37
020981204,529,34,6.43
020981205,513,8,1.56
020981206,364,12,3.3
020981207,206,0,0.0
020981208,251,7,2.79
020981209,298,6,2.01
020981210,486,5,1.03
020981211,323,25,7.74
020981212,178,0,0.0
020981301,335,10,2.99
020981302,413,27,6.54
020981303,609,45,7.39
020981304,289,26,9.0
020981305,350,6,1.71
020981306,308,5,1.62
020981307,84,6,7.14
020981308,268,17,6.34
020981309,332,15,4.52
020981310,319,9,2.82
020981311,286,31,10.84
020981312,279,1,0.36
020981401,458,10,2.18
020981402,393,3,0.76
020981403,585,2,0.34
020981404,220,3,1.36
020981405,245,23,9.39
020981406,211,1,0.47
020981407,136,1,0.74
020981408,527,3,0.57
020981409,495,7,1.41
020981410,378,8,2.12
020981411,485,2,0.41
020981501,461,13,2.82
020981502,581,5,0.86
020981503,445,4,0.9
020981504,487,9,1.85
020981505,524,4,0.76
020981506,549,33,6.01
020981507,411,3,0.73
020981508,831,2,0.24
020981601,623,10,1.61
020981602,411,9,2.19
020981603,617,25,4.05
020981604,631,16,2.54
020981605,397,7,1.76
020981606,154,2,1.3
020981607,198,0,0.0
020981701,453,5,1.1
020981702,423,0,0.0
020981703,450,1,0.22
020981704,257,1,0.39
020981705,419,3,0.72
020981706,445,3,0.67
020981707,342,5,1.46
020981708,766,2,0.26
020981801,401,2,0.5
020981802,350,4,1.14
020981803,491,8,1.63
020981804,437,4,0.92
020981805,616,10,1.62
020981806,389,2,0.51
020981807,321,4,1.25
020981808,487,3,0.62
020981901,310,2,0.65
020981902,561,3,0.53
020981903,718,8,1.11
020981904,756,2,0.26
020981905,614,2,0.33
020982001,679,6,0.88
020982002,923,4,0.43
020982003,546,5,0.92
020982004,411,6,1.46
020982005,420,19,4.52
020982006,391,11,2.81
020982007,252,15,5.95
020982101,494,6,1.21
020982102,240,8,3.33
020982103,182,2,1.1
020982104,345,9,2.61
020982105,162,0,0.0
020982106,446,3,0.67
020982107,351,10,2.85
020982108,440,0,0.0
020982109,390,55,14.1
020982110,389,13,3.34
020982111,485,25,5.15
020982201,417,10,2.4
020982202,517,47,9.09
020982203,297,4,1.35
020982204,319,5,1.57
020982205,484,37,7.64
020982206,391,3,0.77
020982207,368,2,0.54
020982208,421,5,1.19
020982209,252,2,0.79
020982210,217,0,0.0
020982211,418,10,2.39
020982212,419,9,2.15
020982301,494,11,2.23
020982302,344,6,1.74
020982303,361,7,1.94
020982304,528,4,0.76
020982305,742,10,1.35
020982306,224,7,3.12
020982307,376,39,10.37
020982308,382,39,10.21
020982309,330,11,3.33
020982310,384,2,0.52
020982311,646,18,2.79
020982312,437,20,4.58
020982313,533,8,1.5
020982314,289,5,1.73
020982401,371,6,1.62
020982402,285,3,1.05
020982403,363,1,0.28
020982404,324,8,2.47
020982405,558,3,0.54
020982406,407,25,6.14
020982407,384,4,1.04
020982408,391,4,1.02
020982409,410,2,0.49
020982501,517,16,3.09
020982502,350,13,3.71
020982503,407,8,1.97
020982504,353,15,4.25
020982505,399,10,2.51
020982506,427,39,9.13
020982507,491,30,6.11
020982508,557,5,0.9
020982509,462,14,3.03
020982601,582,6,1.03
020982602,360,1,0.28
020982603,196,2,1.02
020982604,857,10,1.17
020982605,446,2,0.45
020982606,385,8,2.08
020982607,545,5,0.92
020982701,738,6,0.81
020982702,607,6,0.99
020982703,326,7,2.15
020982704,621,5,0.81
020982705,630,5,0.79
020982706,313,2,0.64
020982707,173,0,0.0
020982801,346,2,0.58
020982802,291,0,0.0
020982803,316,8,2.53
020982804,367,4,1.09
020982805,271,2,0.74
020982806,569,3,0.53
020982807,441,1,0.23
020982808,345,8,2.32
020982809,343,2,0.58
020982810,481,2,0.42
020982811,632,2,0.32
020982812,341,2,0.59
020982901,368,2,0.54
020982902,325,4,1.23
020982903,373,7,1.88
020982904,438,18,4.11
020982905,382,5,1.31
020982906,564,10,1.77
020982907,406,13,3.2
020982908,332,4,1.2
020982909,486,1,0.21
020982910,461,2,0.43
020982911,372,5,1.34
020983001,361,3,0.83
020983002,474,3,0.63
020983003,431,3,0.7
020983004,397,1,0.25
020983005,403,3,0.74
020983006,239,2,0.84
020983007,273,11,4.03
020983008,749,11,1.47
020983009,513,12,2.34
020983101,280,0,0.0
020983102,320,4,1.25
020983103,345,4,1.16
020983104,293,1,0.34
020983105,287,0,0.0
020983106,477,2,0.42
020983107,335,2,0.6
020983108,263,3,1.14
020983109,237,4,1.69
020983110,224,3,1.34
020983111,239,3,1.26
020983112,291,10,3.44
021050101,509,19,3.73
021050102,406,13,3.2
021050103,312,13,4.17
021050104,258,3,1.16
021050105,321,6,1.87
021050106,270,9,3.33
021050107,318,8,2.52
021050108,310,5,1.61
021050109,356,6,1.69
021050110,385,11,2.86
021050111,254,1,0.39
021050112,304,3,0.99
021050201,254,2,0.79
021050202,331,2,0.6
021050203,327,3,0.92
021050204,206,0,0.0
021050205,220,1,0.45
021050206,283,2,0.71
021050207,272,2,0.74
021050208,247,2,0.81
021050209,321,1,0.31
021050210,308,5,1.62
021050301,370,3,0.81
021050302,474,5,1.05
021050303,271,9,3.32
021050304,379,7,1.85
021050305,298,9,3.02
021050306,266,0,0.0
021050307,272,4,1.47
021050308,375,2,0.53
021050309,434,4,0.92
021050310,378,6,1.59
021050311,361,40,11.08
021050312,461,20,4.34
021050313,329,1,0.3
021050401,470,8,1.7
021050402,467,12,2.57
021050403,405,11,2.72
021050404,316,17,5.38
021050405,324,9,2.78
021050406,534,25,4.68
021050407,411,8,1.95
021050408,338,8,2.37
021050409,380,7,1.84
021050410,327,9,2.75
021050411,436,7,1.61
021050412,483,21,4.35
021050413,395,3,0.76
021050414,319,31,9.72
021050501,306,1,0.33
021050502,461,3,0.65
021050503,324,5,1.54
021050504,404,4,0.99
021050505,548,12,2.19
021050506,581,6,1.03
021050507,486,7,1.44
021050508,531,15,2.82
021050509,297,6,2.02
021050510,305,5,1.64
021050511,322,3,0.93
021050512,430,5,1.16
021050513,426,13,3.05
021050514,202,1,0.5
021050601,297,4,1.35
021050602,288,7,2.43
021050603,278,5,1.8
021050604,265,1,0.38
021050605,229,4,1.75
021050606,208,6,2.88
021050607,292,3,1.03
021050701,317,24,7.57
021050702,247,18,7.29
021050703,259,17,6.56
021050704,245,18,7.35
021050705,376,60,15.96
021050706,191,14,7.33
021050707,430,28,6.51
021050708,362,16,4.42
021050709,313,21,6.71
021050710,473,22,4.65
021050711,389,5,1.29
021050712,358,6,1.68
021050713,842,218,25.89
021050801,371,31,8.36
021050802,184,11,5.98
021050803,459,26,5.66
021050804,334,12,3.59
021050805,328,10,3.05
021050806,401,7,1.75
021050807,368,9,2.45
021050808,293,11,3.75
021050809,655,19,2.9
021050810,520,12,2.31
021050901,338,11,3.25
021050902,236,5,2.12
021050903,358,7,1.96
021050904,281,19,6.76
021050905,269,12,4.46
021050906,191,17,8.9
021050907,237,13,5.49
021050908,367,63,17.17
021050909,527,35,6.64
021050910,397,6,1.51
021050911,293,65,22.18
021051001,441,14,3.17
021051002,446,15,3.36
021051003,473,4,0.85
021051004,403,12,2.98
021051005,379,2,0.53
021051006,304,0,0.0
021051007,461,23,4.99
021051008,419,14,3.34
021051009,510,28,5.49
021051010,402,10,2.49
021051011,278,6,2.16
021051012,351,11,3.13
021051013,433,13,3.0
021051101,241,23,9.54
021051102,340,4,1.18
021051103,356,33,9.27
021051104,544,15,2.76
021051105,345,18,5.22
021051106,290,18,6.21
021051107,307,7,2.28
021051108,362,3,0.83
021051109,482,13,2.7
021051110,316,8,2.53
021051111,446,4,0.9
021051112,511,13,2.54
021051113,401,29,7.23
021051114,266,28,10.53
021051115,231,0,0.0
021051116,397,4,1.01
021051201,345,26,7.54
021051202,340,10,2.94
021051203,350,8,2.29
021051204,675,8,1.19
021051205,432,9,2.08
021051206,421,9,2.14
021051207,287,7,2.44
021051208,294,3,1.02
021051209,309,9,2.91
021051210,332,6,1.81
021051301,320,5,1.56
021051302,197,4,2.03
021051303,337,6,1.78
021051304,269,2,0.74
021051305,376,2,0.53
021051306,472,9,1.91
021051307,333,1,0.3
021051308,254,0,0.0
021051309,585,5,0.85
021051310,467,11,2.36
021051401,461,6,1.3
021051402,428,3,0.7
021051403,343,3,0.87
021051404,422,20,4.74
021051405,563,5,0.89
021051406,346,2,0.58
021051407,441,3,0.68
021051408,567,18,3.17
021051409,345,9,2.61
021051410,305,4,1.31
021051411,437,15,3.43
021051501,333,11,3.3
021051502,251,28,11.16
021051503,393,0,0.0
021051504,488,55,11.27
021051505,339,27,7.96
021051506,390,23,5.9
021051507,389,41,10.54
021051508,318,23,7.23
021051509,611,8,1.31
021051510,447,29,6.49
021051601,515,6,1.17
021051602,355,11,3.1
021051603,422,1,0.24
021051604,331,3,0.91
021051605,282,1,0.35
021051606,424,14,3.3
021051607,371,15,4.04
021051608,402,6,1.49
021051609,321,3,0.93
021051610,502,21,4.18
021051611,280,8,2.86
021051701,348,2,0.57
021051702,359,3,0.84
021051703,384,7,1.82
021051704,354,8,2.26
021051705,393,21,5.34
021051706,311,2,0.64
021051707,361,21,5.82
021051708,307,2,0.65
021051709,299,7,2.34
021051710,391,13,3.32
021051711,374,12,3.21
021051712,316,3,0.95
021051801,278,9,3.24
021051802,213,5,2.35
021051803,491,22,4.48
021051804,299,6,2.01
021051805,294,2,0.68
021051806,267,2,0.75
021051807,325,3,0.92
021051808,252,3,1.19
021051809,310,1,0.32
021051810,259,2,0.77
021051811,328,1,0.3
021051812,374,7,1.87
021051813,291,8,2.75
021051901,300,4,1.33
021051902,422,1,0.24
021051903,351,2,0.57
021051904,422,2,0.47
021051905,526,8,1.52
021051906,488,0,0.0
021051907,446,2,0.45
021051908,377,1,0.27
021051909,363,4,1.1
021051910,446,0,0.0
021051911,343,5,1.46
021052001,549,1,0.18
021052002,451,8,1.77
021052003,414,6,1.45
021052004,348,8,2.3
021052005,337,4,1.19
021052006,357,9,2.52
021052007,378,10,2.65
021052008,238,5,2.1
021052009,224,6,2.68
021052010,343,10,2.92
021052011,382,17,4.45
021052012,337,5,1.48
021052101,469,8,1.71
021052102,520,10,1.92
021052103,363,19,5.23
021052104,421,12,2.85
021052105,315,12,3.81
021052106,682,44,6.45
021052107,271,6,2.21
021052108,374,8,2.14
021052109,578,33,5.71
021052110,470,49,10.43
021052111,453,11,2.43
021052112,289,14,4.84
021052113,406,13,3.2
